type,stimFormat,stimFormat_actual,ITI,fixation,ISI,presTime,keyboard,key,responseWindow,responseWindow_actual,bgColor,textColor,feedback,feedbackTime,randomBlock,randomPick,stim1,stim2,stim3,stim4,stim5,stim6,N1,N2,Verb,Violation,Sentence Type,N1 Gender,N1 Number,N2 Gender,N2 Number,N2 animacy,Proximity,Violation Type,Violation Loc.,Sentence
instructions,.png,.png,,,.png,,space,,,,,,,,,,instructions-main,,,,,,,,,,,,,,,,,,,
instructions,.png,.png,,,.png,,space,,,,,,,,,,instructions-practice,,,,,,,,,,,,,,,,,,,
practice,word,.png,1600,ITI,150;150;150;;150,250;250;250;1500;250,k d,K,lastStim_1000,1200_1000,black,gray,,,,,האמריקאית,ליד,השלט,מצלמת,מצלמים,את התלמיד,,,,,,,,,,,,,,
practice,word,.png,1600,ITI,150;150;150;;150,250;250;250;1500;250,k d,K,lastStim_1000,1200_1000,black,gray,,,,,השחקנית,מאחורי,הסטודנט,מחזיקה,מחזיקות,את התרופה,,,,,,,,,,,,,,
practice,word,.png,1600,ITI,150;150;150;;150,250;250;250;1500;250,k d,K,lastStim_1000,1200_1000,black,gray,,,,,התלמיד,מלפני,הכדור,מצלמים,מצלם,את המחשב,,,,,,,,,,,,,,
practice,word,.png,1600,ITI,150;150;;150,250;250;1500;250,k d,D,lastStim_1000,800_1000,black,gray,,,,,ילדי,הסטודנט,מחפשים,מחפש,את העוגיות,,,,,,,,,,,,,,,
practice,word,.png,1600,ITI,150;150;150;;150,250;250;250;1500;250,k d,K,lastStim_1000,1200_1000,black,gray,,,,,הבחור,מלפני,החבר,תוקפים,תוקף,את הנהג,,,,,,,,,,,,,,
practice,word,.png,1600,ITI,150;150;;150,250;250;1500;250,k d,D,lastStim_1000,800_1000,black,gray,,,,,נהגי,הבחורה,מכירים,מכירות,את השכן,,,,,,,,,,,,,,,
instructions,.png,.png,,,.png,,space,,,,,,,,,,הוראות סיום שלב התנסות,,,,,,,,,,,,,,,,,,,
,,,,,,,,,,,,,,,,,,,,,,,,,,,,,,,,,,,,
test,word,.png,1600,ITI,150;150;;150,250;250;1500;250,k d,k,lastStim_1000,1200_1000,black,gray,d: D;k: K,400,1 1,1,נהג,הבחור,מחזיקות,מחזיק,את הכסא,,נהג,הבחור,מחזיק,מחזיקות,MS-MS-Y,M,S,M,S,animate,Y,Num&Gen,First,נהג הבחור מחזיקות מחזיק את הכסא 
test,word,.png,1600,ITI,150;150;;150,250;250;1500;250,k d,d,lastStim_1000,1200_1000,black,gray,d: D;k: K,400,1 1,1,נהג,הבחור,מחזיק,מחזיקות,את הכסא,,נהג,הבחור,מחזיק,מחזיקות,MS-MS-Y,M,S,M,S,animate,Y,Num&Gen,Second,נהג הבחור מחזיק מחזיקות את הכסא 
test,word,.png,1600,ITI,150;150;;150,250;250;1500;250,k d,k,lastStim_1000,1200_1000,black,gray,d: D;k: K,400,1 1,1,נהג,הבחור,מחזיקים,מחזיק,את הכסא,,נהג,הבחור,מחזיק,מחזיקים,MS-MS-Y,M,S,M,S,animate,Y,Num,First,נהג הבחור מחזיקים מחזיק את הכסא 
test,word,.png,1600,ITI,150;150;;150,250;250;1500;250,k d,d,lastStim_1000,1200_1000,black,gray,d: D;k: K,400,1 1,1,נהג,הבחור,מחזיק,מחזיקים,את הכסא,,נהג,הבחור,מחזיק,מחזיקים,MS-MS-Y,M,S,M,S,animate,Y,Num,Second,נהג הבחור מחזיק מחזיקים את הכסא 
test,word,.png,1600,ITI,150;150;;150,250;250;1500;250,k d,k,lastStim_1000,1200_1000,black,gray,d: D;k: K,400,1 1,1,נהג,הבחור,מחזיקה,מחזיק,את הכסא,,נהג,הבחור,מחזיק,מחזיקה,MS-MS-Y,M,S,M,S,animate,Y,Gen,First,נהג הבחור מחזיקה מחזיק את הכסא 
test,word,.png,1600,ITI,150;150;;150,250;250;1500;250,k d,d,lastStim_1000,1200_1000,black,gray,d: D;k: K,400,1 1,1,נהג,הבחור,מחזיק,מחזיקה,את הכסא,,נהג,הבחור,מחזיק,מחזיקה,MS-MS-Y,M,S,M,S,animate,Y,Gen,Second,נהג הבחור מחזיק מחזיקה את הכסא 
test,word,.png,1600,ITI,150;150;150;;150,250;250;250;1500;250,k d,k,lastStim_1000,800_1000,black,gray,d: D;k: K,400,1 2,1,הסטודנט,ליד,המחשבים,מכירות,מכיר,את הבחורות,הסטודנט,המחשבים,מכיר,מכירות,MS-MP-N,M,S,M,P,inanimate,N,Num&Gen,First,הסטודנט ליד המחשבים מכירות מכיר את הבחורות
test,word,.png,1600,ITI,150;150;150;;150,250;250;250;1500;250,k d,d,lastStim_1000,800_1000,black,gray,d: D;k: K,400,1 2,1,הסטודנט,ליד,המחשבים,מכיר,מכירות,את הבחורות,הסטודנט,המחשבים,מכיר,מכירות,MS-MP-N,M,S,M,P,inanimate,N,Num&Gen,Second,הסטודנט ליד המחשבים מכיר מכירות את הבחורות
test,word,.png,1600,ITI,150;150;150;;150,250;250;250;1500;250,k d,k,lastStim_1000,800_1000,black,gray,d: D;k: K,400,1 2,1,הסטודנט,ליד,המחשבים,מכירים,מכיר,את הבחורות,הסטודנט,המחשבים,מכיר,מכירים,MS-MP-N,M,S,M,P,inanimate,N,Num,First,הסטודנט ליד המחשבים מכירים מכיר את הבחורות
test,word,.png,1600,ITI,150;150;150;;150,250;250;250;1500;250,k d,d,lastStim_1000,800_1000,black,gray,d: D;k: K,400,1 2,1,הסטודנט,ליד,המחשבים,מכיר,מכירים,את הבחורות,הסטודנט,המחשבים,מכיר,מכירים,MS-MP-N,M,S,M,P,inanimate,N,Num,Second,הסטודנט ליד המחשבים מכיר מכירים את הבחורות
test,word,.png,1600,ITI,150;150;150;;150,250;250;250;1500;250,k d,k,lastStim_1000,800_1000,black,gray,d: D;k: K,400,1 2,1,הסטודנט,ליד,המחשבים,מכירה,מכיר,את הבחורות,הסטודנט,המחשבים,מכיר,מכירה,MS-MP-N,M,S,M,P,inanimate,N,Gen,First,הסטודנט ליד המחשבים מכירה מכיר את הבחורות
test,word,.png,1600,ITI,150;150;150;;150,250;250;250;1500;250,k d,d,lastStim_1000,800_1000,black,gray,d: D;k: K,400,1 2,1,הסטודנט,ליד,המחשבים,מכיר,מכירה,את הבחורות,הסטודנט,המחשבים,מכיר,מכירה,MS-MP-N,M,S,M,P,inanimate,N,Gen,Second,הסטודנט ליד המחשבים מכיר מכירה את הבחורות
test,word,.png,1600,ITI,150;150;150;;150,250;250;250;1500;250,k d,k,lastStim_1000,800_1000,black,gray,d: D;k: K,400,1 2,1,הסטודנט,ליד,הילדים,מכירות,מכיר,את הבחורות,הסטודנט,הילדים,מכיר,מכירות,MS-MP-N,M,S,M,P,animate,N,Num&Gen,First,הסטודנט ליד הילדים מכירות מכיר את הבחורות
test,word,.png,1600,ITI,150;150;150;;150,250;250;250;1500;250,k d,d,lastStim_1000,800_1000,black,gray,d: D;k: K,400,1 2,1,הסטודנט,ליד,הילדים,מכיר,מכירות,את הבחורות,הסטודנט,הילדים,מכיר,מכירות,#REF!,M,S,M,P,animate,N,Num&Gen,Second,הסטודנט ליד הילדים מכיר מכירות את הבחורות
test,word,.png,1600,ITI,150;150;150;;150,250;250;250;1500;250,k d,k,lastStim_1000,800_1000,black,gray,d: D;k: K,400,1 2,1,הסטודנט,ליד,הילדים,מכירים,מכיר,את הבחורות,הסטודנט,הילדים,מכיר,מכירים,MS-MP-N,M,S,M,P,animate,N,Num,First,הסטודנט ליד הילדים מכירים מכיר את הבחורות
test,word,.png,1600,ITI,150;150;150;;150,250;250;250;1500;250,k d,d,lastStim_1000,800_1000,black,gray,d: D;k: K,400,1 2,1,הסטודנט,ליד,הילדים,מכיר,מכירים,את הבחורות,הסטודנט,הילדים,מכיר,מכירים,MS-MP-N,M,S,M,P,animate,N,Num,Second,הסטודנט ליד הילדים מכיר מכירים את הבחורות
test,word,.png,1600,ITI,150;150;150;;150,250;250;250;1500;250,k d,k,lastStim_1000,800_1000,black,gray,d: D;k: K,400,1 2,1,הסטודנט,ליד,הילדים,מכירה,מכיר,את הבחורות,הסטודנט,הילדים,מכיר,מכירה,MS-MP-N,M,S,M,P,animate,N,Gen,First,הסטודנט ליד הילדים מכירה מכיר את הבחורות
test,word,.png,1600,ITI,150;150;150;;150,250;250;250;1500;250,k d,d,lastStim_1000,800_1000,black,gray,d: D;k: K,400,1 2,1,הסטודנט,ליד,הילדים,מכיר,מכירה,את הבחורות,הסטודנט,הילדים,מכיר,מכירה,MS-MP-N,M,S,M,P,animate,N,Gen,Second,הסטודנט ליד הילדים מכיר מכירה את הבחורות
test,word,.png,1600,ITI,150;150;;150,250;250;1500;250,k d,k,lastStim_1000,1200_1000,black,gray,d: D;k: K,400,1 3,1,שכן,הבחורה,מושכות,מושך,את הכורסאות,,שכן,הבחורה,מושך,מושכות,MS-FS-Y,M,S,F,S,animate,Y,Num&Gen,First,שכן הבחורה מושכות מושך את הכורסאות 
test,word,.png,1600,ITI,150;150;;150,250;250;1500;250,k d,d,lastStim_1000,1200_1000,black,gray,d: D;k: K,400,1 3,1,שכן,הבחורה,מושך,מושכות,את הכורסאות,,שכן,הבחורה,מושך,מושכות,MS-FS-Y,M,S,F,S,animate,Y,Num&Gen,Second,שכן הבחורה מושך מושכות את הכורסאות 
test,word,.png,1600,ITI,150;150;;150,250;250;1500;250,k d,k,lastStim_1000,1200_1000,black,gray,d: D;k: K,400,1 3,1,שכן,הבחורה,מושכים,מושך,את הכורסאות,,שכן,הבחורה,מושך,מושכים,MS-FS-Y,M,S,F,S,animate,Y,Num,First,שכן הבחורה מושכים מושך את הכורסאות 
test,word,.png,1600,ITI,150;150;;150,250;250;1500;250,k d,d,lastStim_1000,1200_1000,black,gray,d: D;k: K,400,1 3,1,שכן,הבחורה,מושך,מושכים,את הכורסאות,,שכן,הבחורה,מושך,מושכים,MS-FS-Y,M,S,F,S,animate,Y,Num,Second,שכן הבחורה מושך מושכים את הכורסאות 
test,word,.png,1600,ITI,150;150;;150,250;250;1500;250,k d,k,lastStim_1000,1200_1000,black,gray,d: D;k: K,400,1 3,1,שכן,הבחורה,מושכת,מושך,את הכורסאות,,שכן,הבחורה,מושך,מושכת,MS-FS-Y,M,S,F,S,animate,Y,Gen,First,שכן הבחורה מושכת מושך את הכורסאות 
test,word,.png,1600,ITI,150;150;;150,250;250;1500;250,k d,d,lastStim_1000,1200_1000,black,gray,d: D;k: K,400,1 3,1,שכן,הבחורה,מושך,מושכת,את הכורסאות,,שכן,הבחורה,מושך,מושכת,MS-FS-Y,M,S,F,S,animate,Y,Gen,Second,שכן הבחורה מושך מושכת את הכורסאות 
test,word,.png,1600,ITI,150;150;150;;150,250;250;250;1500;250,k d,k,lastStim_1000,800_1000,black,gray,d: D;k: K,400,1 4,1,השכן,מלפני,הספות,מלמדות,מלמד,את הילדים,השכן,הספות,מלמד,מלמדות,MS-FP-N,M,S,F,P,inanimate,N,Num&Gen,First,השכן מלפני הספות מלמדות מלמד את הילדים
test,word,.png,1600,ITI,150;150;150;;150,250;250;250;1500;250,k d,d,lastStim_1000,800_1000,black,gray,d: D;k: K,400,1 4,1,השכן,מלפני,הספות,מלמד,מלמדות,את הילדים,השכן,הספות,מלמד,מלמדות,MS-FP-N,M,S,F,P,inanimate,N,Num&Gen,Second,השכן מלפני הספות מלמד מלמדות את הילדים
test,word,.png,1600,ITI,150;150;150;;150,250;250;250;1500;250,k d,k,lastStim_1000,800_1000,black,gray,d: D;k: K,400,1 4,1,השכן,מלפני,הספות,מלמדים,מלמד,את הילדים,השכן,הספות,מלמד,מלמדים,MS-FP-N,M,S,F,P,inanimate,N,Num,First,השכן מלפני הספות מלמדים מלמד את הילדים
test,word,.png,1600,ITI,150;150;150;;150,250;250;250;1500;250,k d,d,lastStim_1000,800_1000,black,gray,d: D;k: K,400,1 4,1,השכן,מלפני,הספות,מלמד,מלמדים,את הילדים,השכן,הספות,מלמד,מלמדים,MS-FP-N,M,S,F,P,inanimate,N,Num,Second,השכן מלפני הספות מלמד מלמדים את הילדים
test,word,.png,1600,ITI,150;150;150;;150,250;250;250;1500;250,k d,k,lastStim_1000,800_1000,black,gray,d: D;k: K,400,1 4,1,השכן,מלפני,הספות,מלמדת,מלמד,את הילדים,השכן,הספות,מלמד,מלמדת,MS-FP-N,M,S,F,P,inanimate,N,Gen,First,השכן מלפני הספות מלמדת מלמד את הילדים
test,word,.png,1600,ITI,150;150;150;;150,250;250;250;1500;250,k d,d,lastStim_1000,800_1000,black,gray,d: D;k: K,400,1 4,1,השכן,מלפני,הספות,מלמד,מלמדת,את הילדים,השכן,הספות,מלמד,מלמדת,MS-FP-N,M,S,F,P,inanimate,N,Gen,Second,השכן מלפני הספות מלמד מלמדת את הילדים
test,word,.png,1600,ITI,150;150;150;;150,250;250;250;1500;250,k d,d,lastStim_1000,800_1000,black,gray,d: D;k: K,400,1 4,1,השכן,מלפני,השכנות,מלמדת,מלמד,את הילדים,השכן,השכנות,מלמד,מלמדת,MS-FP-N,M,S,F,P,animate,N,Num&Gen,First,השכן מלפני השכנות מלמדת מלמד את הילדים
test,word,.png,1600,ITI,150;150;150;;150,250;250;250;1500;250,k d,k,lastStim_1000,800_1000,black,gray,d: D;k: K,400,1 4,1,השכן,מלפני,השכנות,מלמד,מלמדת,את הילדים,השכן,השכנות,מלמד,מלמדת,MS-FP-N,M,S,F,P,animate,N,Num&Gen,Second,השכן מלפני השכנות מלמד מלמדת את הילדים
test,word,.png,1600,ITI,150;150;150;;150,250;250;250;1500;250,k d,d,lastStim_1000,800_1000,black,gray,d: D;k: K,400,1 4,1,השכן,מלפני,השכנות,מלמדת,מלמד,את הילדים,השכן,השכנות,מלמד,מלמדת,MS-FP-N,M,S,F,P,animate,N,Num,First,השכן מלפני השכנות מלמדת מלמד את הילדים
test,word,.png,1600,ITI,150;150;150;;150,250;250;250;1500;250,k d,d,lastStim_1000,800_1000,black,gray,d: D;k: K,400,1 4,1,השכן,מלפני,השכנות,מלמד,מלמדת,את הילדים,השכן,השכנות,מלמד,מלמדת,MS-FP-N,M,S,F,P,animate,N,Num,Second,השכן מלפני השכנות מלמד מלמדת את הילדים
test,word,.png,1600,ITI,150;150;150;;150,250;250;250;1500;250,k d,k,lastStim_1000,800_1000,black,gray,d: D;k: K,400,1 4,1,השכן,מלפני,השכנות,מלמדת,מלמד,את הילדים,השכן,השכנות,מלמד,מלמדת,MS-FP-N,M,S,F,P,animate,N,Gen,First,השכן מלפני השכנות מלמדת מלמד את הילדים
test,word,.png,1600,ITI,150;150;150;;150,250;250;250;1500;250,k d,d,lastStim_1000,800_1000,black,gray,d: D;k: K,400,1 4,1,השכן,מלפני,השכנות,מלמד,מלמדת,את הילדים,השכן,השכנות,מלמד,מלמדת,MS-FP-N,M,S,F,P,animate,N,Gen,Second,השכן מלפני השכנות מלמד מלמדת את הילדים
test,word,.png,1600,ITI,150;150;;150,250;250;1500;250,k d,k,lastStim_1000,1200_1000,black,gray,d: D;k: K,400,1 5,1,ילדי,הבחור,מחפשת,מחפשים,את החברים,,ילדי,הבחור,מחפשים,מחפשת,MP-MS-Y,M,P,M,S,animate,Y,Num&Gen,First,ילדי הבחור מחפשת מחפשים את החברים 
test,word,.png,1600,ITI,150;150;;150,250;250;1500;250,k d,d,lastStim_1000,1200_1000,black,gray,d: D;k: K,400,1 5,1,ילדי,הבחור,מחפשים,מחפשת,את החברים,,ילדי,הבחור,מחפשים,מחפשת,MP-MS-Y,M,P,M,S,animate,Y,Num&Gen,Second,ילדי הבחור מחפשים מחפשת את החברים 
test,word,.png,1600,ITI,150;150;;150,250;250;1500;250,k d,k,lastStim_1000,1200_1000,black,gray,d: D;k: K,400,1 5,1,ילדי,הבחור,מחפש,מחפשים,את החברים,,ילדי,הבחור,מחפשים,מחפש,MP-MS-Y,M,P,M,S,animate,Y,Num,First,ילדי הבחור מחפש מחפשים את החברים 
test,word,.png,1600,ITI,150;150;;150,250;250;1500;250,k d,d,lastStim_1000,1200_1000,black,gray,d: D;k: K,400,1 5,1,ילדי,הבחור,מחפשים,מחפש,את החברים,,ילדי,הבחור,מחפשים,מחפש,MP-MS-Y,M,P,M,S,animate,Y,Num,Second,ילדי הבחור מחפשים מחפש את החברים 
test,word,.png,1600,ITI,150;150;;150,250;250;1500;250,k d,k,lastStim_1000,1200_1000,black,gray,d: D;k: K,400,1 5,1,ילדי,הבחור,מחפשות,מחפשים,את החברים,,ילדי,הבחור,מחפשים,מחפשות,MP-MS-Y,M,P,M,S,animate,Y,Gen,First,ילדי הבחור מחפשות מחפשים את החברים 
test,word,.png,1600,ITI,150;150;;150,250;250;1500;250,k d,d,lastStim_1000,1200_1000,black,gray,d: D;k: K,400,1 5,1,ילדי,הבחור,מחפשים,מחפשות,את החברים,,ילדי,הבחור,מחפשים,מחפשות,MP-MS-Y,M,P,M,S,animate,Y,Gen,Second,ילדי הבחור מחפשים מחפשות את החברים 
test,word,.png,1600,ITI,150;150;150;;150,250;250;250;1500;250,k d,k,lastStim_1000,800_1000,black,gray,d: D;k: K,400,1 6,1,המדריכים,ליד,הכסאות,מרגשת,מרגשים,את התלמידים,המדריכים,הכסאות,מרגשים,מרגשת,MP-MP-N,M,P,M,P,inanimate,N,Num&Gen,First,המדריכים ליד הכסאות מרגשת מרגשים את התלמידים
test,word,.png,1600,ITI,150;150;150;;150,250;250;250;1500;250,k d,d,lastStim_1000,800_1000,black,gray,d: D;k: K,400,1 6,1,המדריכים,ליד,הכסאות,מרגשים,מרגשת,את התלמידים,המדריכים,הכסאות,מרגשים,מרגשת,MP-MP-N,M,P,M,P,inanimate,N,Num&Gen,Second,המדריכים ליד הכסאות מרגשים מרגשת את התלמידים
test,word,.png,1600,ITI,150;150;150;;150,250;250;250;1500;250,k d,k,lastStim_1000,800_1000,black,gray,d: D;k: K,400,1 6,1,המדריכים,ליד,הכסאות,מרגש,מרגשים,את התלמידים,המדריכים,הכסאות,מרגשים,מרגש,MP-MP-N,M,P,M,P,inanimate,N,Num,First,המדריכים ליד הכסאות מרגש מרגשים את התלמידים
test,word,.png,1600,ITI,150;150;150;;150,250;250;250;1500;250,k d,d,lastStim_1000,800_1000,black,gray,d: D;k: K,400,1 6,1,המדריכים,ליד,הכסאות,מרגשים,מרגש,את התלמידים,המדריכים,הכסאות,מרגשים,מרגש,MP-MP-N,M,P,M,P,inanimate,N,Num,Second,המדריכים ליד הכסאות מרגשים מרגש את התלמידים
test,word,.png,1600,ITI,150;150;150;;150,250;250;250;1500;250,k d,k,lastStim_1000,800_1000,black,gray,d: D;k: K,400,1 6,1,המדריכים,ליד,הכסאות,מרגשות,מרגשים,את התלמידים,המדריכים,הכסאות,מרגשים,מרגשות,MP-MP-N,M,P,M,P,inanimate,N,Gen,First,המדריכים ליד הכסאות מרגשות מרגשים את התלמידים
test,word,.png,1600,ITI,150;150;150;;150,250;250;250;1500;250,k d,d,lastStim_1000,800_1000,black,gray,d: D;k: K,400,1 6,1,המדריכים,ליד,הכסאות,מרגשים,מרגשות,את התלמידים,המדריכים,הכסאות,מרגשים,מרגשות,MP-MP-N,M,P,M,P,inanimate,N,Gen,Second,המדריכים ליד הכסאות מרגשים מרגשות את התלמידים
,word,.png,1600,ITI,150;150;150;;150,250;250;250;1500;250,k d,k,lastStim_1000,800_1000,black,gray,d: D;k: K,400,1 6,1,המדריכים,של,החברים,מרגשת,מרגשים,את התלמידים,המדריכים,הכסאות,מרגשים,מרגשת,,M,P,M,P,animate,N,Num&Gen,First,המדריכים של החברים מרגשת מרגשים את התלמידים
,word,.png,1600,ITI,150;150;150;;150,250;250;250;1500;250,k d,d,lastStim_1000,800_1000,black,gray,d: D;k: K,400,1 6,1,המדריכים,של,החברים,מרגשים,מרגשת,את התלמידים,המדריכים,הכסאות,מרגשים,מרגשת,,M,P,M,P,animate,N,Num&Gen,Second,המדריכים של החברים מרגשים מרגשת את התלמידים
,word,.png,1600,ITI,150;150;150;;150,250;250;250;1500;250,k d,k,lastStim_1000,800_1000,black,gray,d: D;k: K,400,1 6,1,המדריכים,של,החברים,מרגש,מרגשים,את התלמידים,המדריכים,הכסאות,מרגשים,מרגש,,M,P,M,P,animate,N,Num,First,המדריכים של החברים מרגש מרגשים את התלמידים
,word,.png,1600,ITI,150;150;150;;150,250;250;250;1500;250,k d,d,lastStim_1000,800_1000,black,gray,d: D;k: K,400,1 6,1,המדריכים,של,החברים,מרגשים,מרגש,את התלמידים,המדריכים,הכסאות,מרגשים,מרגש,,M,P,M,P,animate,N,Num,Second,המדריכים של החברים מרגשים מרגש את התלמידים
,word,.png,1600,ITI,150;150;150;;150,250;250;250;1500;250,k d,k,lastStim_1000,800_1000,black,gray,d: D;k: K,400,1 6,1,המדריכים,של,החברים,מרגשות,מרגשים,את התלמידים,המדריכים,הכסאות,מרגשים,מרגשות,,M,P,M,P,animate,N,Gen,First,המדריכים של החברים מרגשות מרגשים את התלמידים
,word,.png,1600,ITI,150;150;150;;150,250;250;250;1500;250,k d,d,lastStim_1000,800_1000,black,gray,d: D;k: K,400,1 6,1,המדריכים,של,החברים,מרגשים,מרגשות,את התלמידים,המדריכים,הכסאות,מרגשים,מרגשות,,M,P,M,P,animate,N,Gen,Second,המדריכים של החברים מרגשים מרגשות את התלמידים
test,word,.png,1600,ITI,150;150;;150,250;250;1500;250,k d,k,lastStim_1000,1200_1000,black,gray,d: D;k: K,400,1 7,1,מדריכי,התלמידה,מחזיקה,מחזיקים,את המסך,,מדריכי,התלמידה,מחזיקים,מחזיקה,MP-FS-Y,M,P,F,S,animate,Y,Num&Gen,First,מדריכי התלמידה מחזיקה מחזיקים את המסך 
test,word,.png,1600,ITI,150;150;;150,250;250;1500;250,k d,d,lastStim_1000,1200_1000,black,gray,d: D;k: K,400,1 7,1,מדריכי,התלמידה,מחזיקים,מחזיקה,את המסך,,מדריכי,התלמידה,מחזיקים,מחזיקה,MP-FS-Y,M,P,F,S,animate,Y,Num&Gen,Second,מדריכי התלמידה מחזיקים מחזיקה את המסך 
test,word,.png,1600,ITI,150;150;;150,250;250;1500;250,k d,k,lastStim_1000,1200_1000,black,gray,d: D;k: K,400,1 7,1,מדריכי,התלמידה,מחזיק,מחזיקים,את המסך,,מדריכי,התלמידה,מחזיקים,מחזיק,MP-FS-Y,M,P,F,S,animate,Y,Num,First,מדריכי התלמידה מחזיק מחזיקים את המסך 
test,word,.png,1600,ITI,150;150;;150,250;250;1500;250,k d,d,lastStim_1000,1200_1000,black,gray,d: D;k: K,400,1 7,1,מדריכי,התלמידה,מחזיקים,מחזיק,את המסך,,מדריכי,התלמידה,מחזיקים,מחזיק,MP-FS-Y,M,P,F,S,animate,Y,Num,Second,מדריכי התלמידה מחזיקים מחזיק את המסך 
test,word,.png,1600,ITI,150;150;;150,250;250;1500;250,k d,k,lastStim_1000,1200_1000,black,gray,d: D;k: K,400,1 7,1,מדריכי,התלמידה,מחזיקות,מחזיקים,את המסך,,מדריכי,התלמידה,מחזיקים,מחזיקות,MP-FS-Y,M,P,F,S,animate,Y,Gen,First,מדריכי התלמידה מחזיקות מחזיקים את המסך 
test,word,.png,1600,ITI,150;150;;150,250;250;1500;250,k d,d,lastStim_1000,1200_1000,black,gray,d: D;k: K,400,1 7,1,מדריכי,התלמידה,מחזיקים,מחזיקות,את המסך,,מדריכי,התלמידה,מחזיקים,מחזיקות,MP-FS-Y,M,P,F,S,animate,Y,Gen,Second,מדריכי התלמידה מחזיקים מחזיקות את המסך 
test,word,.png,1600,ITI,150;150;150;;150,250;250;250;1500;250,k d,k,lastStim_1000,800_1000,black,gray,d: D;k: K,400,1 8,1,הילדים,ליד,המיטות,מחזיקה,מחזיקים,את העוגיה,הילדים,המיטות,מחזיקים,מחזיקה,MP-FP-N,M,P,F,P,inanimate,N,Num&Gen,First,הילדים ליד המיטות מחזיקה מחזיקים את העוגיה
test,word,.png,1600,ITI,150;150;150;;150,250;250;250;1500;250,k d,d,lastStim_1000,800_1000,black,gray,d: D;k: K,400,1 8,1,הילדים,ליד,המיטות,מחזיקים,מחזיקה,את העוגיה,הילדים,המיטות,מחזיקים,מחזיקה,MP-FP-N,M,P,F,P,inanimate,N,Num&Gen,Second,הילדים ליד המיטות מחזיקים מחזיקה את העוגיה
test,word,.png,1600,ITI,150;150;150;;150,250;250;250;1500;250,k d,k,lastStim_1000,800_1000,black,gray,d: D;k: K,400,1 8,1,הילדים,ליד,המיטות,מחזיק,מחזיקים,את העוגיה,הילדים,המיטות,מחזיקים,מחזיק,MP-FP-N,M,P,F,P,inanimate,N,Num,First,הילדים ליד המיטות מחזיק מחזיקים את העוגיה
test,word,.png,1600,ITI,150;150;150;;150,250;250;250;1500;250,k d,d,lastStim_1000,800_1000,black,gray,d: D;k: K,400,1 8,1,הילדים,ליד,המיטות,מחזיקים,מחזיק,את העוגיה,הילדים,המיטות,מחזיקים,מחזיק,MP-FP-N,M,P,F,P,inanimate,N,Num,Second,הילדים ליד המיטות מחזיקים מחזיק את העוגיה
test,word,.png,1600,ITI,150;150;150;;150,250;250;250;1500;250,k d,k,lastStim_1000,800_1000,black,gray,d: D;k: K,400,1 8,1,הילדים,ליד,המיטות,מחזיקות,מחזיקים,את העוגיה,הילדים,המיטות,מחזיקים,מחזיקות,MP-FP-N,M,P,F,P,inanimate,N,Gen,First,הילדים ליד המיטות מחזיקות מחזיקים את העוגיה
test,word,.png,1600,ITI,150;150;150;;150,250;250;250;1500;250,k d,d,lastStim_1000,800_1000,black,gray,d: D;k: K,400,1 8,1,הילדים,ליד,המיטות,מחזיקים,מחזיקות,את העוגיה,הילדים,המיטות,מחזיקים,מחזיקות,MP-FP-N,M,P,F,P,inanimate,N,Gen,Second,הילדים ליד המיטות מחזיקים מחזיקות את העוגיה
test,word,.png,1600,ITI,150;150;150;;150,250;250;250;1500;250,k d,k,lastStim_1000,800_1000,black,gray,d: D;k: K,400,1 8,1,הילדים,של,השחקניות,מחזיקה,מחזיקים,את העוגיה,הילדים,השחקניות,מחזיקים,מחזיקה,MP-FP-N,M,P,F,P,animate,N,Num&Gen,First,הילדים של השחקניות מחזיקה מחזיקים את העוגיה
test,word,.png,1600,ITI,150;150;150;;150,250;250;250;1500;250,k d,d,lastStim_1000,800_1000,black,gray,d: D;k: K,400,1 8,1,הילדים,של,השחקניות,מחזיקים,מחזיקה,את העוגיה,הילדים,השחקניות,מחזיקים,מחזיקה,MP-FP-N,M,P,F,P,animate,N,Num&Gen,Second,הילדים של השחקניות מחזיקים מחזיקה את העוגיה
test,word,.png,1600,ITI,150;150;150;;150,250;250;250;1500;250,k d,k,lastStim_1000,800_1000,black,gray,d: D;k: K,400,1 8,1,הילדים,של,השחקניות,מחזיק,מחזיקים,את העוגיה,הילדים,השחקניות,מחזיקים,מחזיק,MP-FP-N,M,P,F,P,animate,N,Num,First,הילדים של השחקניות מחזיק מחזיקים את העוגיה
test,word,.png,1600,ITI,150;150;150;;150,250;250;250;1500;250,k d,d,lastStim_1000,800_1000,black,gray,d: D;k: K,400,1 8,1,הילדים,של,השחקניות,מחזיקים,מחזיק,את העוגיה,הילדים,השחקניות,מחזיקים,מחזיק,MP-FP-N,M,P,F,P,animate,N,Num,Second,הילדים של השחקניות מחזיקים מחזיק את העוגיה
test,word,.png,1600,ITI,150;150;150;;150,250;250;250;1500;250,k d,k,lastStim_1000,800_1000,black,gray,d: D;k: K,400,1 8,1,הילדים,של,השחקניות,מחזיקות,מחזיקים,את העוגיה,הילדים,השחקניות,מחזיקים,מחזיקות,MP-FP-N,M,P,F,P,animate,N,Gen,First,הילדים של השחקניות מחזיקות מחזיקים את העוגיה
test,word,.png,1600,ITI,150;150;150;;150,250;250;250;1500;250,k d,d,lastStim_1000,800_1000,black,gray,d: D;k: K,400,1 8,1,הילדים,של,השחקניות,מחזיקים,מחזיקות,את העוגיה,הילדים,השחקניות,מחזיקים,מחזיקות,MP-FP-N,M,P,F,P,animate,N,Gen,Second,הילדים של השחקניות מחזיקים מחזיקות את העוגיה
test,word,.png,1600,ITI,150;150;;150,250;250;1500;250,k d,k,lastStim_1000,1200_1000,black,gray,d: D;k: K,400,1 9,1,חברת,הבחור,מחזיקים,מחזיקה,את התרופה,,חברת,הבחור,מחזיקה,מחזיקים,FS-MS-Y,F,S,M,S,animate,Y,Num&Gen,First,חברת הבחור מחזיקים מחזיקה את התרופה 
test,word,.png,1600,ITI,150;150;;150,250;250;1500;250,k d,d,lastStim_1000,1200_1000,black,gray,d: D;k: K,400,1 9,1,חברת,הבחור,מחזיקה,מחזיקים,את התרופה,,חברת,הבחור,מחזיקה,מחזיקים,FS-MS-Y,F,S,M,S,animate,Y,Num&Gen,Second,חברת הבחור מחזיקה מחזיקים את התרופה 
test,word,.png,1600,ITI,150;150;;150,250;250;1500;250,k d,k,lastStim_1000,1200_1000,black,gray,d: D;k: K,400,1 9,1,חברת,הבחור,מחזיקות,מחזיקה,את התרופה,,חברת,הבחור,מחזיקה,מחזיקות,FS-MS-Y,F,S,M,S,animate,Y,Num,First,חברת הבחור מחזיקות מחזיקה את התרופה 
test,word,.png,1600,ITI,150;150;;150,250;250;1500;250,k d,d,lastStim_1000,1200_1000,black,gray,d: D;k: K,400,1 9,1,חברת,הבחור,מחזיקה,מחזיקות,את התרופה,,חברת,הבחור,מחזיקה,מחזיקות,FS-MS-Y,F,S,M,S,animate,Y,Num,Second,חברת הבחור מחזיקה מחזיקות את התרופה 
test,word,.png,1600,ITI,150;150;;150,250;250;1500;250,k d,k,lastStim_1000,1200_1000,black,gray,d: D;k: K,400,1 9,1,חברת,הבחור,מחזיק,מחזיקה,את התרופה,,חברת,הבחור,מחזיקה,מחזיק,FS-MS-Y,F,S,M,S,animate,Y,Gen,First,חברת הבחור מחזיק מחזיקה את התרופה 
test,word,.png,1600,ITI,150;150;;150,250;250;1500;250,k d,d,lastStim_1000,1200_1000,black,gray,d: D;k: K,400,1 9,1,חברת,הבחור,מחזיקה,מחזיק,את התרופה,,חברת,הבחור,מחזיקה,מחזיק,FS-MS-Y,F,S,M,S,animate,Y,Gen,Second,חברת הבחור מחזיקה מחזיק את התרופה 
test,word,.png,1600,ITI,150;150;150;;150,250;250;250;1500;250,k d,k,lastStim_1000,800_1000,black,gray,d: D;k: K,400,1 10,1,השכנה,מאחורי,השלטים,מושכים,מושכת,את הכורסאות,השכנה,השלטים,מושכת,מושכים,FS-MP-N,F,S,M,P,inanimate,N,Num&Gen,First,השכנה מאחורי השלטים מושכים מושכת את הכורסאות
test,word,.png,1600,ITI,150;150;150;;150,250;250;250;1500;250,k d,d,lastStim_1000,800_1000,black,gray,d: D;k: K,400,1 10,1,השכנה,מאחורי,השלטים,מושכת,מושכים,את הכורסאות,השכנה,השלטים,מושכת,מושכים,FS-MP-N,F,S,M,P,inanimate,N,Num&Gen,Second,השכנה מאחורי השלטים מושכת מושכים את הכורסאות
test,word,.png,1600,ITI,150;150;150;;150,250;250;250;1500;250,k d,k,lastStim_1000,800_1000,black,gray,d: D;k: K,400,1 10,1,השכנה,מאחורי,השלטים,מושכות,מושכת,את הכורסאות,השכנה,השלטים,מושכת,מושכות,FS-MP-N,F,S,M,P,inanimate,N,Num,First,השכנה מאחורי השלטים מושכות מושכת את הכורסאות
test,word,.png,1600,ITI,150;150;150;;150,250;250;250;1500;250,k d,d,lastStim_1000,800_1000,black,gray,d: D;k: K,400,1 10,1,השכנה,מאחורי,השלטים,מושכת,מושכות,את הכורסאות,השכנה,השלטים,מושכת,מושכות,FS-MP-N,F,S,M,P,inanimate,N,Num,Second,השכנה מאחורי השלטים מושכת מושכות את הכורסאות
test,word,.png,1600,ITI,150;150;150;;150,250;250;250;1500;250,k d,k,lastStim_1000,800_1000,black,gray,d: D;k: K,400,1 10,1,השכנה,מאחורי,השלטים,מושך,מושכת,את הכורסאות,השכנה,השלטים,מושכת,מושך,FS-MP-N,F,S,M,P,inanimate,N,Gen,First,השכנה מאחורי השלטים מושך מושכת את הכורסאות
test,word,.png,1600,ITI,150;150;150;;150,250;250;250;1500;250,k d,d,lastStim_1000,800_1000,black,gray,d: D;k: K,400,1 10,1,השכנה,מאחורי,השלטים,מושכת,מושך,את הכורסאות,השכנה,השלטים,מושכת,מושך,FS-MP-N,F,S,M,P,inanimate,N,Gen,Second,השכנה מאחורי השלטים מושכת מושך את הכורסאות
test,word,.png,1600,ITI,150;150;150;;150,250;250;250;1500;250,k d,k,lastStim_1000,800_1000,black,gray,d: D;k: K,400,1 10,1,השכנה,מאחורי,הסטודנטים,מושכים,מושכת,את הכורסאות,השכנה,הסטודנטים,מושכת,מושכים,FS-MP-N,F,S,M,P,animate,N,Num&Gen,First,השכנה מאחורי הסטודנטים מושכים מושכת את הכורסאות
test,word,.png,1600,ITI,150;150;150;;150,250;250;250;1500;250,k d,d,lastStim_1000,800_1000,black,gray,d: D;k: K,400,1 10,1,השכנה,מאחורי,הסטודנטים,מושכת,מושכים,את הכורסאות,השכנה,הסטודנטים,מושכת,מושכים,FS-MP-N,F,S,M,P,animate,N,Num&Gen,Second,השכנה מאחורי הסטודנטים מושכת מושכים את הכורסאות
test,word,.png,1600,ITI,150;150;150;;150,250;250;250;1500;250,k d,k,lastStim_1000,800_1000,black,gray,d: D;k: K,400,1 10,1,השכנה,מאחורי,הסטודנטים,מושכות,מושכת,את הכורסאות,השכנה,הסטודנטים,מושכת,מושכות,FS-MP-N,F,S,M,P,animate,N,Num,First,השכנה מאחורי הסטודנטים מושכות מושכת את הכורסאות
test,word,.png,1600,ITI,150;150;150;;150,250;250;250;1500;250,k d,d,lastStim_1000,800_1000,black,gray,d: D;k: K,400,1 10,1,השכנה,מאחורי,הסטודנטים,מושכת,מושכות,את הכורסאות,השכנה,הסטודנטים,מושכת,מושכות,FS-MP-N,F,S,M,P,animate,N,Num,Second,השכנה מאחורי הסטודנטים מושכת מושכות את הכורסאות
test,word,.png,1600,ITI,150;150;150;;150,250;250;250;1500;250,k d,k,lastStim_1000,800_1000,black,gray,d: D;k: K,400,1 10,1,השכנה,מאחורי,הסטודנטים,מושך,מושכת,את הכורסאות,השכנה,הסטודנטים,מושכת,מושך,FS-MP-N,F,S,M,P,animate,N,Gen,First,השכנה מאחורי הסטודנטים מושך מושכת את הכורסאות
test,word,.png,1600,ITI,150;150;150;;150,250;250;250;1500;250,k d,d,lastStim_1000,800_1000,black,gray,d: D;k: K,400,1 10,1,השכנה,מאחורי,הסטודנטים,מושכת,מושך,את הכורסאות,השכנה,הסטודנטים,מושכת,מושך,FS-MP-N,F,S,M,P,animate,N,Gen,Second,השכנה מאחורי הסטודנטים מושכת מושך את הכורסאות
test,word,.png,1600,ITI,150;150;;150,250;250;1500;250,k d,k,lastStim_1000,1200_1000,black,gray,d: D;k: K,400,1 11,1,תלמידת,האמריקאית,מכירים,מכירה,את השביל,,תלמידת,האמריקאית,מכירה,מכירים,FS-FS-Y,F,S,F,S,animate,Y,Num&Gen,First,תלמידת האמריקאית מכירים מכירה את השביל 
test,word,.png,1600,ITI,150;150;;150,250;250;1500;250,k d,d,lastStim_1000,1200_1000,black,gray,d: D;k: K,400,1 11,1,תלמידת,האמריקאית,מכירה,מכירים,את השביל,,תלמידת,האמריקאית,מכירה,מכירים,FS-FS-Y,F,S,F,S,animate,Y,Num&Gen,Second,תלמידת האמריקאית מכירה מכירים את השביל 
test,word,.png,1600,ITI,150;150;;150,250;250;1500;250,k d,k,lastStim_1000,1200_1000,black,gray,d: D;k: K,400,1 11,1,תלמידת,האמריקאית,מכירות,מכירה,את השביל,,תלמידת,האמריקאית,מכירה,מכירות,FS-FS-Y,F,S,F,S,animate,Y,Num,First,תלמידת האמריקאית מכירות מכירה את השביל 
test,word,.png,1600,ITI,150;150;;150,250;250;1500;250,k d,d,lastStim_1000,1200_1000,black,gray,d: D;k: K,400,1 11,1,תלמידת,האמריקאית,מכירה,מכירות,את השביל,,תלמידת,האמריקאית,מכירה,מכירות,FS-FS-Y,F,S,F,S,animate,Y,Num,Second,תלמידת האמריקאית מכירה מכירות את השביל 
test,word,.png,1600,ITI,150;150;;150,250;250;1500;250,k d,k,lastStim_1000,1200_1000,black,gray,d: D;k: K,400,1 11,1,תלמידת,האמריקאית,מכיר,מכירה,את השביל,,תלמידת,האמריקאית,מכירה,מכיר,FS-FS-Y,F,S,F,S,animate,Y,Gen,First,תלמידת האמריקאית מכיר מכירה את השביל 
test,word,.png,1600,ITI,150;150;;150,250;250;1500;250,k d,d,lastStim_1000,1200_1000,black,gray,d: D;k: K,400,1 11,1,תלמידת,האמריקאית,מכירה,מכיר,את השביל,,תלמידת,האמריקאית,מכירה,מכיר,FS-FS-Y,F,S,F,S,animate,Y,Gen,Second,תלמידת האמריקאית מכירה מכיר את השביל 
test,word,.png,1600,ITI,150;150;150;;150,250;250;250;1500;250,k d,k,lastStim_1000,800_1000,black,gray,d: D;k: K,400,1 12,1,השכנה,ליד,הכורסאות,מחזיקים,מחזיקה,את הכדור,השכנה,הכורסאות,מחזיקה,מחזיקים,FS-FP-N,F,S,F,P,inanimate,N,Num&Gen,First,השכנה ליד הכורסאות מחזיקים מחזיקה את הכדור
test,word,.png,1600,ITI,150;150;150;;150,250;250;250;1500;250,k d,d,lastStim_1000,800_1000,black,gray,d: D;k: K,400,1 12,1,השכנה,ליד,הכורסאות,מחזיקה,מחזיקים,את הכדור,השכנה,הכורסאות,מחזיקה,מחזיקים,FS-FP-N,F,S,F,P,inanimate,N,Num&Gen,Second,השכנה ליד הכורסאות מחזיקה מחזיקים את הכדור
test,word,.png,1600,ITI,150;150;150;;150,250;250;250;1500;250,k d,k,lastStim_1000,800_1000,black,gray,d: D;k: K,400,1 12,1,השכנה,ליד,הכורסאות,מחזיקות,מחזיקה,את הכדור,השכנה,הכורסאות,מחזיקה,מחזיקות,FS-FP-N,F,S,F,P,inanimate,N,Num,First,השכנה ליד הכורסאות מחזיקות מחזיקה את הכדור
test,word,.png,1600,ITI,150;150;150;;150,250;250;250;1500;250,k d,d,lastStim_1000,800_1000,black,gray,d: D;k: K,400,1 12,1,השכנה,ליד,הכורסאות,מחזיקה,מחזיקות,את הכדור,השכנה,הכורסאות,מחזיקה,מחזיקות,FS-FP-N,F,S,F,P,inanimate,N,Num,Second,השכנה ליד הכורסאות מחזיקה מחזיקות את הכדור
test,word,.png,1600,ITI,150;150;150;;150,250;250;250;1500;250,k d,k,lastStim_1000,800_1000,black,gray,d: D;k: K,400,1 12,1,השכנה,ליד,הכורסאות,מחזיק,מחזיקה,את הכדור,השכנה,הכורסאות,מחזיקה,מחזיק,FS-FP-N,F,S,F,P,inanimate,N,Gen,First,השכנה ליד הכורסאות מחזיק מחזיקה את הכדור
test,word,.png,1600,ITI,150;150;150;;150,250;250;250;1500;250,k d,d,lastStim_1000,800_1000,black,gray,d: D;k: K,400,1 12,1,השכנה,ליד,הכורסאות,מחזיקה,מחזיק,את הכדור,השכנה,הכורסאות,מחזיקה,מחזיק,FS-FP-N,F,S,F,P,inanimate,N,Gen,Second,השכנה ליד הכורסאות מחזיקה מחזיק את הכדור
test,word,.png,1600,ITI,150;150;150;;150,250;250;250;1500;250,k d,k,lastStim_1000,800_1000,black,gray,d: D;k: K,400,1 12,1,השכנה,של,האמריקאיות,מחזיקים,מחזיקה,את הכדור,השכנה,האמריקאיות,מחזיקה,מחזיקים,FS-FP-N,F,S,F,P,animate,N,Num&Gen,First,השכנה של האמריקאיות מחזיקים מחזיקה את הכדור
test,word,.png,1600,ITI,150;150;150;;150,250;250;250;1500;250,k d,d,lastStim_1000,800_1000,black,gray,d: D;k: K,400,1 12,1,השכנה,של,האמריקאיות,מחזיקה,מחזיקים,את הכדור,השכנה,האמריקאיות,מחזיקה,מחזיקים,FS-FP-N,F,S,F,P,animate,N,Num&Gen,Second,השכנה של האמריקאיות מחזיקה מחזיקים את הכדור
test,word,.png,1600,ITI,150;150;150;;150,250;250;250;1500;250,k d,k,lastStim_1000,800_1000,black,gray,d: D;k: K,400,1 12,1,השכנה,של,האמריקאיות,מחזיקות,מחזיקה,את הכדור,השכנה,האמריקאיות,מחזיקה,מחזיקות,FS-FP-N,F,S,F,P,animate,N,Num,First,השכנה של האמריקאיות מחזיקות מחזיקה את הכדור
test,word,.png,1600,ITI,150;150;150;;150,250;250;250;1500;250,k d,d,lastStim_1000,800_1000,black,gray,d: D;k: K,400,1 12,1,השכנה,של,האמריקאיות,מחזיקה,מחזיקות,את הכדור,השכנה,האמריקאיות,מחזיקה,מחזיקות,FS-FP-N,F,S,F,P,animate,N,Num,Second,השכנה של האמריקאיות מחזיקה מחזיקות את הכדור
test,word,.png,1600,ITI,150;150;150;;150,250;250;250;1500;250,k d,k,lastStim_1000,800_1000,black,gray,d: D;k: K,400,1 12,1,השכנה,של,האמריקאיות,מחזיק,מחזיקה,את הכדור,השכנה,האמריקאיות,מחזיקה,מחזיק,FS-FP-N,F,S,F,P,animate,N,Gen,First,השכנה של האמריקאיות מחזיק מחזיקה את הכדור
test,word,.png,1600,ITI,150;150;150;;150,250;250;250;1500;250,k d,d,lastStim_1000,800_1000,black,gray,d: D;k: K,400,1 12,1,השכנה,של,האמריקאיות,מחזיקה,מחזיק,את הכדור,השכנה,האמריקאיות,מחזיקה,מחזיק,FS-FP-N,F,S,F,P,animate,N,Gen,Second,השכנה של האמריקאיות מחזיקה מחזיק את הכדור
test,word,.png,1600,ITI,150;150;;150,250;250;1500;250,k d,k,lastStim_1000,1200_1000,black,gray,d: D;k: K,400,1 13,1,ילדות,האורח,מחזיק,מחזיקות,את העוגיות,,ילדות,האורח,מחזיקות,מחזיק,FP-MS-Y,F,P,M,S,animate,Y,Num&Gen,First,ילדות האורח מחזיק מחזיקות את העוגיות 
test,word,.png,1600,ITI,150;150;;150,250;250;1500;250,k d,d,lastStim_1000,1200_1000,black,gray,d: D;k: K,400,1 13,1,ילדות,האורח,מחזיקות,מחזיק,את העוגיות,,ילדות,האורח,מחזיקות,מחזיק,FP-MS-Y,F,P,M,S,animate,Y,Num&Gen,Second,ילדות האורח מחזיקות מחזיק את העוגיות 
test,word,.png,1600,ITI,150;150;;150,250;250;1500;250,k d,k,lastStim_1000,1200_1000,black,gray,d: D;k: K,400,1 13,1,ילדות,האורח,מחזיקה,מחזיקות,את העוגיות,,ילדות,האורח,מחזיקות,מחזיקה,FP-MS-Y,F,P,M,S,animate,Y,Num,First,ילדות האורח מחזיקה מחזיקות את העוגיות 
test,word,.png,1600,ITI,150;150;;150,250;250;1500;250,k d,d,lastStim_1000,1200_1000,black,gray,d: D;k: K,400,1 13,1,ילדות,האורח,מחזיקות,מחזיקה,את העוגיות,,ילדות,האורח,מחזיקות,מחזיקה,FP-MS-Y,F,P,M,S,animate,Y,Num,Second,ילדות האורח מחזיקות מחזיקה את העוגיות 
test,word,.png,1600,ITI,150;150;;150,250;250;1500;250,k d,k,lastStim_1000,1200_1000,black,gray,d: D;k: K,400,1 13,1,ילדות,האורח,מחזיקים,מחזיקות,את העוגיות,,ילדות,האורח,מחזיקות,מחזיקים,FP-MS-Y,F,P,M,S,animate,Y,Gen,First,ילדות האורח מחזיקים מחזיקות את העוגיות 
test,word,.png,1600,ITI,150;150;;150,250;250;1500;250,k d,d,lastStim_1000,1200_1000,black,gray,d: D;k: K,400,1 13,1,ילדות,האורח,מחזיקות,מחזיקים,את העוגיות,,ילדות,האורח,מחזיקות,מחזיקים,FP-MS-Y,F,P,M,S,animate,Y,Gen,Second,ילדות האורח מחזיקות מחזיקים את העוגיות 
test,word,.png,1600,ITI,150;150;150;;150,250;250;250;1500;250,k d,k,lastStim_1000,800_1000,black,gray,d: D;k: K,400,1 14,1,הסטודנטיות,ליד,החלונות,מושך,מושכות,את המיטה,הסטודנטיות,החלונות,מושכות,מושך,FP-MP-N,F,P,M,P,inanimate,N,Num&Gen,First,הסטודנטיות ליד החלונות מושך מושכות את המיטה
test,word,.png,1600,ITI,150;150;150;;150,250;250;250;1500;250,k d,d,lastStim_1000,800_1000,black,gray,d: D;k: K,400,1 14,1,הסטודנטיות,ליד,החלונות,מושכות,מושך,את המיטה,הסטודנטיות,החלונות,מושכות,מושך,FP-MP-N,F,P,M,P,inanimate,N,Num&Gen,Second,הסטודנטיות ליד החלונות מושכות מושך את המיטה
test,word,.png,1600,ITI,150;150;150;;150,250;250;250;1500;250,k d,k,lastStim_1000,800_1000,black,gray,d: D;k: K,400,1 14,1,הסטודנטיות,ליד,החלונות,מושכת,מושכות,את המיטה,הסטודנטיות,החלונות,מושכות,מושכת,FP-MP-N,F,P,M,P,inanimate,N,Num,First,הסטודנטיות ליד החלונות מושכת מושכות את המיטה
test,word,.png,1600,ITI,150;150;150;;150,250;250;250;1500;250,k d,d,lastStim_1000,800_1000,black,gray,d: D;k: K,400,1 14,1,הסטודנטיות,ליד,החלונות,מושכות,מושכת,את המיטה,הסטודנטיות,החלונות,מושכות,מושכת,FP-MP-N,F,P,M,P,inanimate,N,Num,Second,הסטודנטיות ליד החלונות מושכות מושכת את המיטה
test,word,.png,1600,ITI,150;150;150;;150,250;250;250;1500;250,k d,k,lastStim_1000,800_1000,black,gray,d: D;k: K,400,1 14,1,הסטודנטיות,ליד,החלונות,מושכים,מושכות,את המיטה,הסטודנטיות,החלונות,מושכות,מושכים,FP-MP-N,F,P,M,P,inanimate,N,Gen,First,הסטודנטיות ליד החלונות מושכים מושכות את המיטה
test,word,.png,1600,ITI,150;150;150;;150,250;250;250;1500;250,k d,d,lastStim_1000,800_1000,black,gray,d: D;k: K,400,1 14,1,הסטודנטיות,ליד,החלונות,מושכות,מושכים,את המיטה,הסטודנטיות,החלונות,מושכות,מושכים,FP-MP-N,F,P,M,P,inanimate,N,Gen,Second,הסטודנטיות ליד החלונות מושכות מושכים את המיטה
test,word,.png,1600,ITI,150;150;150;;150,250;250;250;1500;250,k d,k,lastStim_1000,800_1000,black,gray,d: D;k: K,400,1 14,1,הסטודנטיות,ליד,הבחורים,מושך,מושכות,את המיטה,הסטודנטיות,הבחורים,מושכות,מושך,FP-MP-N,F,P,M,P,animate,N,Num&Gen,First,הסטודנטיות ליד הבחורים מושך מושכות את המיטה
test,word,.png,1600,ITI,150;150;150;;150,250;250;250;1500;250,k d,d,lastStim_1000,800_1000,black,gray,d: D;k: K,400,1 14,1,הסטודנטיות,ליד,הבחורים,מושכות,מושך,את המיטה,הסטודנטיות,הבחורים,מושכות,מושך,FP-MP-N,F,P,M,P,animate,N,Num&Gen,Second,הסטודנטיות ליד הבחורים מושכות מושך את המיטה
test,word,.png,1600,ITI,150;150;150;;150,250;250;250;1500;250,k d,k,lastStim_1000,800_1000,black,gray,d: D;k: K,400,1 14,1,הסטודנטיות,ליד,הבחורים,מושכת,מושכות,את המיטה,הסטודנטיות,הבחורים,מושכות,מושכת,FP-MP-N,F,P,M,P,animate,N,Num,First,הסטודנטיות ליד הבחורים מושכת מושכות את המיטה
test,word,.png,1600,ITI,150;150;150;;150,250;250;250;1500;250,k d,d,lastStim_1000,800_1000,black,gray,d: D;k: K,400,1 14,1,הסטודנטיות,ליד,הבחורים,מושכות,מושכת,את המיטה,הסטודנטיות,הבחורים,מושכות,מושכת,FP-MP-N,F,P,M,P,animate,N,Num,Second,הסטודנטיות ליד הבחורים מושכות מושכת את המיטה
test,word,.png,1600,ITI,150;150;150;;150,250;250;250;1500;250,k d,k,lastStim_1000,800_1000,black,gray,d: D;k: K,400,1 14,1,הסטודנטיות,ליד,הבחורים,מושכים,מושכות,את המיטה,הסטודנטיות,הבחורים,מושכות,מושכים,FP-MP-N,F,P,M,P,animate,N,Gen,First,הסטודנטיות ליד הבחורים מושכים מושכות את המיטה
test,word,.png,1600,ITI,150;150;150;;150,250;250;250;1500;250,k d,d,lastStim_1000,800_1000,black,gray,d: D;k: K,400,1 14,1,הסטודנטיות,ליד,הבחורים,מושכות,מושכים,את המיטה,הסטודנטיות,הבחורים,מושכות,מושכים,FP-MP-N,F,P,M,P,animate,N,Gen,Second,הסטודנטיות ליד הבחורים מושכות מושכים את המיטה
test,word,.png,1600,ITI,150;150;;150,250;250;1500;250,k d,k,lastStim_1000,1200_1000,black,gray,d: D;k: K,400,1 15,1,ילדות,הבחורה,מרגש,מרגשות,את האורח,,ילדות,הבחורה,מרגשות,מרגש,FP-FS-Y,F,P,F,S,animate,Y,Num&Gen,First,ילדות הבחורה מרגש מרגשות את האורח 
test,word,.png,1600,ITI,150;150;;150,250;250;1500;250,k d,d,lastStim_1000,1200_1000,black,gray,d: D;k: K,400,1 15,1,ילדות,הבחורה,מרגשות,מרגש,את האורח,,ילדות,הבחורה,מרגשות,מרגש,FP-FS-Y,F,P,F,S,animate,Y,Num&Gen,Second,ילדות הבחורה מרגשות מרגש את האורח 
test,word,.png,1600,ITI,150;150;;150,250;250;1500;250,k d,k,lastStim_1000,1200_1000,black,gray,d: D;k: K,400,1 15,1,ילדות,הבחורה,מרגשת,מרגשות,את האורח,,ילדות,הבחורה,מרגשות,מרגשת,FP-FS-Y,F,P,F,S,animate,Y,Num,First,ילדות הבחורה מרגשת מרגשות את האורח 
test,word,.png,1600,ITI,150;150;;150,250;250;1500;250,k d,d,lastStim_1000,1200_1000,black,gray,d: D;k: K,400,1 15,1,ילדות,הבחורה,מרגשות,מרגשת,את האורח,,ילדות,הבחורה,מרגשות,מרגשת,FP-FS-Y,F,P,F,S,animate,Y,Num,Second,ילדות הבחורה מרגשות מרגשת את האורח 
test,word,.png,1600,ITI,150;150;;150,250;250;1500;250,k d,k,lastStim_1000,1200_1000,black,gray,d: D;k: K,400,1 15,1,ילדות,הבחורה,מרגשים,מרגשות,את האורח,,ילדות,הבחורה,מרגשות,מרגשים,FP-FS-Y,F,P,F,S,animate,Y,Gen,First,ילדות הבחורה מרגשים מרגשות את האורח 
test,word,.png,1600,ITI,150;150;;150,250;250;1500;250,k d,d,lastStim_1000,1200_1000,black,gray,d: D;k: K,400,1 15,1,ילדות,הבחורה,מרגשות,מרגשים,את האורח,,ילדות,הבחורה,מרגשות,מרגשים,FP-FS-Y,F,P,F,S,animate,Y,Gen,Second,ילדות הבחורה מרגשות מרגשים את האורח 
test,word,.png,1600,ITI,150;150;150;;150,250;250;250;1500;250,k d,k,lastStim_1000,800_1000,black,gray,d: D;k: K,400,1 16,1,הילדות,ליד,המכוניות,מרגש,מרגשות,את השכנה,הילדות,המכוניות,מרגשות,מרגש,FP-FP-N,F,P,F,P,inanimate,N,Num&Gen,First,הילדות ליד המכוניות מרגש מרגשות את השכנה
test,word,.png,1600,ITI,150;150;150;;150,250;250;250;1500;250,k d,d,lastStim_1000,800_1000,black,gray,d: D;k: K,400,1 16,1,הילדות,ליד,המכוניות,מרגשות,מרגש,את השכנה,הילדות,המכוניות,מרגשות,מרגש,FP-FP-N,F,P,F,P,,N,Num&Gen,Second,הילדות ליד המכוניות מרגשות מרגש את השכנה
test,word,.png,1600,ITI,150;150;150;;150,250;250;250;1500;250,k d,k,lastStim_1000,800_1000,black,gray,d: D;k: K,400,1 16,1,הילדות,ליד,המכוניות,מרגשת,מרגשות,את השכנה,הילדות,המכוניות,מרגשות,מרגשת,FP-FP-N,F,P,F,P,inanimate,N,Num,First,הילדות ליד המכוניות מרגשת מרגשות את השכנה
test,word,.png,1600,ITI,150;150;150;;150,250;250;250;1500;250,k d,d,lastStim_1000,800_1000,black,gray,d: D;k: K,400,1 16,1,הילדות,ליד,המכוניות,מרגשות,מרגשת,את השכנה,הילדות,המכוניות,מרגשות,מרגשת,FP-FP-N,F,P,F,P,inanimate,N,Num,Second,הילדות ליד המכוניות מרגשות מרגשת את השכנה
test,word,.png,1600,ITI,150;150;150;;150,250;250;250;1500;250,k d,k,lastStim_1000,800_1000,black,gray,d: D;k: K,400,1 16,1,הילדות,ליד,המכוניות,מרגשים,מרגשות,את השכנה,הילדות,המכוניות,מרגשות,מרגשים,FP-FP-N,F,P,F,P,inanimate,N,Gen,First,הילדות ליד המכוניות מרגשים מרגשות את השכנה
test,word,.png,1600,ITI,150;150;150;;150,250;250;250;1500;250,k d,d,lastStim_1000,800_1000,black,gray,d: D;k: K,400,1 16,1,הילדות,ליד,המכוניות,מרגשות,מרגשים,את השכנה,הילדות,המכוניות,מרגשות,מרגשים,FP-FP-N,F,P,F,P,inanimate,N,Gen,Second,הילדות ליד המכוניות מרגשות מרגשים את השכנה
test,word,.png,1600,ITI,150;150;150;;150,250;250;250;1500;250,k d,k,lastStim_1000,800_1000,black,gray,d: D;k: K,400,1 16,1,הילדות,ליד,הבחורות,מרגש,מרגשות,את השכנה,הילדות,הבחורות,מרגשות,מרגש,FP-FP-N,F,P,F,P,animate,N,Num&Gen,First,הילדות ליד הבחורות מרגש מרגשות את השכנה
test,word,.png,1600,ITI,150;150;150;;150,250;250;250;1500;250,k d,d,lastStim_1000,800_1000,black,gray,d: D;k: K,400,1 16,1,הילדות,ליד,הבחורות,מרגשות,מרגש,את השכנה,הילדות,הבחורות,מרגשות,מרגש,FP-FP-N,F,P,F,P,animate,N,Num&Gen,Second,הילדות ליד הבחורות מרגשות מרגש את השכנה
test,word,.png,1600,ITI,150;150;150;;150,250;250;250;1500;250,k d,k,lastStim_1000,800_1000,black,gray,d: D;k: K,400,1 16,1,הילדות,ליד,הבחורות,מרגשת,מרגשות,את השכנה,הילדות,הבחורות,מרגשות,מרגשת,FP-FP-N,F,P,F,P,animate,N,Num,First,הילדות ליד הבחורות מרגשת מרגשות את השכנה
test,word,.png,1600,ITI,150;150;150;;150,250;250;250;1500;250,k d,d,lastStim_1000,800_1000,black,gray,d: D;k: K,400,1 16,1,הילדות,ליד,הבחורות,מרגשות,מרגשת,את השכנה,הילדות,הבחורות,מרגשות,מרגשת,FP-FP-N,F,P,F,P,animate,N,Num,Second,הילדות ליד הבחורות מרגשות מרגשת את השכנה
test,word,.png,1600,ITI,150;150;150;;150,250;250;250;1500;250,k d,k,lastStim_1000,800_1000,black,gray,d: D;k: K,400,1 16,1,הילדות,ליד,הבחורות,מרגשים,מרגשות,את השכנה,הילדות,הבחורות,מרגשות,מרגשים,FP-FP-N,F,P,F,P,animate,N,Gen,First,הילדות ליד הבחורות מרגשים מרגשות את השכנה
test,word,.png,1600,ITI,150;150;150;;150,250;250;250;1500;250,k d,d,lastStim_1000,800_1000,black,gray,d: D;k: K,400,1 16,1,הילדות,ליד,הבחורות,מרגשות,מרגשים,את השכנה,הילדות,הבחורות,מרגשות,מרגשים,FP-FP-N,F,P,F,P,animate,N,Gen,Second,הילדות ליד הבחורות מרגשות מרגשים את השכנה
test,word,.png,1600,ITI,150;150;150;;150,250;250;250;1500;250,k d,d,lastStim_1000,1200_1000,black,gray,d: D;k: K,400,1 100,,השכנים,ליד,המיטה,מכירים,להכיר,את החברות,השכנים,הבחורה,מכירים,להכיר,Filler,-,-,-,-,,-,Infinitive,First,השכנים ליד המיטה מכירים להכיר את החברות
test,word,.png,1600,ITI,150;150;150;;150,250;250;250;1500;250,k d,k,lastStim_1000,1200_1000,black,gray,d: D;k: K,400,1 101,,החבר,מלפני,הספה,לחפש,מחפש,את השביל,החבר,הבחורה,מחפש,לחפש,Filler,-,-,-,-,,-,Infinitive,Second,החבר מלפני הספה לחפש מחפש את השביל
test,word,.png,1600,ITI,150;150;;150,250;250;1500;250,k d,k,lastStim_1000,800_1000,black,gray,d: D;k: K,400,1 102,,נהגת,האורח,למשוך,מושכת,את השלטים,,נהגת,האורח,מושכת,למשוך,Filler,-,-,-,-,,-,Infinitive,Second,נהגת האורח למשוך מושכת את השלטים 
test,word,.png,1600,ITI,150;150;150;;150,250;250;250;1500;250,k d,d,lastStim_1000,1200_1000,black,gray,d: D;k: K,400,1 103,,השכנות,של,הבחור,להחזיק,מחזיקות,את הכדורים,השכנות,הבחור,מחזיקות,להחזיק,Filler,-,-,-,-,,-,Infinitive,First,השכנות של הבחור להחזיק מחזיקות את הכדורים
test,word,.png,1600,ITI,150;150;;150,250;250;1500;250,k d,d,lastStim_1000,800_1000,black,gray,d: D;k: K,400,1 104,,ילדות,הנהגות,מחזיקות,להחזיק,את השלט,,ילדות,הנהגות,מחזיקות,להחזיק,Filler,-,-,-,-,,-,Infinitive,First,ילדות הנהגות מחזיקות להחזיק את השלט 
instructions,.png,.png,,,,30000,space,,,,,,,,,,הוראות חצי ניסוי,,,,,,,,,,,,,,,,,,,
test,word,.png,1600,ITI,150;150;150;;150,250;250;250;1500;250,k d,d,lastStim_1000,1200_1000,black,gray,d: D;k: K,400,2 100,,הבחור,ליד,המכונית,למשוך,מושך,את הספה,הבחור,הנהגת,מושך,למשוך,Filler,-,-,-,-,,-,Infinitive,Second,הבחור ליד הנהגת מושך למשוך את הספה
test,word,.png,1600,ITI,150;150;;150,250;250;1500;250,k d,d,lastStim_1000,800_1000,black,gray,d: D;k: K,400,2 101,,נהגי,המדריכים,להכיר,מכירים,את השכן,,נהגי,המדריכים,מכירים,להכיר,Filler,-,-,-,-,,-,Infinitive,Second,נהגי המדריכים מכירים להכיר את השכן
test,word,.png,1600,ITI,150;150;;150,250;250;1500;250,k d,k,lastStim_1000,800_1000,black,gray,d: D;k: K,400,2 102,,אורחי,הילדים,מצלמים,לצלם,את המחשבים,,אורחי,הילדים,מצלמים,לצלם,Filler,-,-,-,-,,-,Infinitive,First,אורחי הילדים מצלמים לצלם את המחשבים
test,word,.png,1600,ITI,150;150;150;;150,250;250;250;1500;250,k d,k,lastStim_1000,1200_1000,black,gray,d: D;k: K,400,2 103,,התלמידות,ליד,החלון,לחפש,מחפשות,את התרופה,התלמידות,האורח,מחפשות,לחפש,Filler,-,-,-,-,,-,Infinitive,First,התלמידות ליד האורח לחפש מחפשות את התרופה
test,word,.png,1600,ITI,150;150;;150,250;250;1500;250,k d,k,lastStim_1000,800_1000,black,gray,d: D;k: K,400,2 104,,שכנת,הסטודנטים,מחזיקה,להחזיק,את העוגיה,,שכנת,הסטודנטים,מחזיקה,להחזיק,Filler,-,-,-,-,,-,Infinitive,First,שכנת הסטודנטים מחזיקה להחזיק את העוגיה
test,word,.png,1600,ITI,150;150;150;;150,250;250;250;1500;250,k d,k,lastStim_1000,1200_1000,black,gray,d: D;k: K,400,2 1,1,הבחור,מאחורי,המחשב,מחפשות,מחפש,את הכדור,הבחור,המחשב,מחפש,מחפשות,MS-MS-N,M,S,M,S,inanimate,N,Num&Gen,First,הבחור מאחורי המחשב מחפשות מחפש את הכדור
test,word,.png,1600,ITI,150;150;150;;150,250;250;250;1500;250,k d,d,lastStim_1000,1200_1000,black,gray,d: D;k: K,400,2 1,1,הבחור,מאחורי,המחשב,מחפש,מחפשות,את הכדור,הבחור,המחשב,מחפש,מחפשות,MS-MS-N,M,S,M,S,inanimate,N,Num&Gen,Second,הבחור מאחורי המחשב מחפש מחפשות את הכדור
test,word,.png,1600,ITI,150;150;150;;150,250;250;250;1500;250,k d,k,lastStim_1000,1200_1000,black,gray,d: D;k: K,400,2 1,1,הבחור,מאחורי,המחשב,מחפשים,מחפש,את הכדור,הבחור,המחשב,מחפש,מחפשים,MS-MS-N,M,S,M,S,inanimate,N,Num,First,הבחור מאחורי המחשב מחפשים מחפש את הכדור
test,word,.png,1600,ITI,150;150;150;;150,250;250;250;1500;250,k d,d,lastStim_1000,1200_1000,black,gray,d: D;k: K,400,2 1,1,הבחור,מאחורי,המחשב,מחפש,מחפשים,את הכדור,הבחור,המחשב,מחפש,מחפשים,MS-MS-N,M,S,M,S,inanimate,N,Num,Second,הבחור מאחורי המחשב מחפש מחפשים את הכדור
test,word,.png,1600,ITI,150;150;150;;150,250;250;250;1500;250,k d,k,lastStim_1000,1200_1000,black,gray,d: D;k: K,400,2 1,1,הבחור,מאחורי,המחשב,מחפשת,מחפש,את הכדור,הבחור,המחשב,מחפש,מחפשת,MS-MS-N,M,S,M,S,inanimate,N,Gen,First,הבחור מאחורי המחשב מחפשת מחפש את הכדור
test,word,.png,1600,ITI,150;150;150;;150,250;250;250;1500;250,k d,d,lastStim_1000,1200_1000,black,gray,d: D;k: K,400,2 1,1,הבחור,מאחורי,המחשב,מחפש,מחפשת,את הכדור,הבחור,המחשב,מחפש,מחפשת,MS-MS-N,M,S,M,S,inanimate,N,Gen,Second,הבחור מאחורי המחשב מחפש מחפשת את הכדור
test,word,.png,1600,ITI,150;150;150;;150,250;250;250;1500;250,k d,k,lastStim_1000,1200_1000,black,gray,d: D;k: K,400,2 1,1,הבחור,מאחורי,הילד,מחפשות,מחפש,את הכדור,הבחור,הילד,מחפש,מחפשות,MS-MS-N,M,S,M,S,animate,N,Num&Gen,First,הבחור מאחורי הילד מחפשות מחפש את הכדור
test,word,.png,1600,ITI,150;150;150;;150,250;250;250;1500;250,k d,d,lastStim_1000,1200_1000,black,gray,d: D;k: K,400,2 1,1,הבחור,מאחורי,הילד,מחפש,מחפשות,את הכדור,הבחור,הילד,מחפש,מחפשות,MS-MS-N,M,S,M,S,animate,N,Num&Gen,Second,הבחור מאחורי הילד מחפש מחפשות את הכדור
test,word,.png,1600,ITI,150;150;150;;150,250;250;250;1500;250,k d,k,lastStim_1000,1200_1000,black,gray,d: D;k: K,400,2 1,1,הבחור,מאחורי,הילד,מחפשים,מחפש,את הכדור,הבחור,הילד,מחפש,מחפשים,MS-MS-N,M,S,M,S,animate,N,Num,First,הבחור מאחורי הילד מחפשים מחפש את הכדור
test,word,.png,1600,ITI,150;150;150;;150,250;250;250;1500;250,k d,d,lastStim_1000,1200_1000,black,gray,d: D;k: K,400,2 1,1,הבחור,מאחורי,הילד,מחפש,מחפשים,את הכדור,הבחור,הילד,מחפש,מחפשים,MS-MS-N,M,S,M,S,animate,N,Num,Second,הבחור מאחורי הילד מחפש מחפשים את הכדור
test,word,.png,1600,ITI,150;150;150;;150,250;250;250;1500;250,k d,k,lastStim_1000,1200_1000,black,gray,d: D;k: K,400,2 1,1,הבחור,מאחורי,הילד,מחפשת,מחפש,את הכדור,הבחור,הילד,מחפש,מחפשת,MS-MS-N,M,S,M,S,animate,N,Gen,First,הבחור מאחורי הילד מחפשת מחפש את הכדור
test,word,.png,1600,ITI,150;150;150;;150,250;250;250;1500;250,k d,d,lastStim_1000,1200_1000,black,gray,d: D;k: K,400,2 1,1,הבחור,מאחורי,הילד,מחפש,מחפשת,את הכדור,הבחור,הילד,מחפש,מחפשת,MS-MS-N,M,S,M,S,animate,N,Gen,Second,הבחור מאחורי הילד מחפש מחפשת את הכדור
test,word,.png,1600,ITI,150;150;;150,250;250;1500;250,k d,k,lastStim_1000,1200_1000,black,gray,d: D;k: K,400,2 2,1,חבר,הבחורים,תוקפות,תוקף,את הסטודנטיות,,חבר,הבחורים,תוקף,תוקפות,MS-MP-Y,M,S,M,P,animate,Y,Num&Gen,First,חבר הבחורים תוקפות תוקף את הסטודנטיות 
test,word,.png,1600,ITI,150;150;;150,250;250;1500;250,k d,d,lastStim_1000,1200_1000,black,gray,d: D;k: K,400,2 2,1,חבר,הבחורים,תוקף,תוקפות,את הסטודנטיות,,חבר,הבחורים,תוקף,תוקפות,MS-MP-Y,M,S,M,P,animate,Y,Num&Gen,Second,חבר הבחורים תוקף תוקפות את הסטודנטיות 
test,word,.png,1600,ITI,150;150;;150,250;250;1500;250,k d,k,lastStim_1000,1200_1000,black,gray,d: D;k: K,400,2 2,1,חבר,הבחורים,תוקפים,תוקף,את הסטודנטיות,,חבר,הבחורים,תוקף,תוקפים,MS-MP-Y,M,S,M,P,animate,Y,Num,First,חבר הבחורים תוקפים תוקף את הסטודנטיות 
test,word,.png,1600,ITI,150;150;;150,250;250;1500;250,k d,d,lastStim_1000,1200_1000,black,gray,d: D;k: K,400,2 2,1,חבר,הבחורים,תוקף,תוקפים,את הסטודנטיות,,חבר,הבחורים,תוקף,תוקפים,MS-MP-Y,M,S,M,P,animate,Y,Num,Second,חבר הבחורים תוקף תוקפים את הסטודנטיות 
test,word,.png,1600,ITI,150;150;;150,250;250;1500;250,k d,k,lastStim_1000,1200_1000,black,gray,d: D;k: K,400,2 2,1,חבר,הבחורים,תוקפת,תוקף,את הסטודנטיות,,חבר,הבחורים,תוקף,תוקפת,MS-MP-Y,M,S,M,P,animate,Y,Gen,First,חבר הבחורים תוקפת תוקף את הסטודנטיות 
test,word,.png,1600,ITI,150;150;;150,250;250;1500;250,k d,d,lastStim_1000,1200_1000,black,gray,d: D;k: K,400,2 2,1,חבר,הבחורים,תוקף,תוקפת,את הסטודנטיות,,חבר,הבחורים,תוקף,תוקפת,MS-MP-Y,M,S,M,P,animate,Y,Gen,Second,חבר הבחורים תוקף תוקפת את הסטודנטיות 
test,word,.png,1600,ITI,150;150;150;;150,250;250;250;1500;250,k d,k,lastStim_1000,1200_1000,black,gray,d: D;k: K,400,2 3,1,הילד,ליד,העוגיה,מחפשות,מחפש,את התרופות,הילד,העוגיה,מחפש,מחפשות,MS-FS-N,M,S,F,S,inanimate,N,Num&Gen,First,הילד ליד העוגיה מחפשות מחפש את התרופות
test,word,.png,1600,ITI,150;150;150;;150,250;250;250;1500;250,k d,d,lastStim_1000,1200_1000,black,gray,d: D;k: K,400,2 3,1,הילד,ליד,העוגיה,מחפש,מחפשות,את התרופות,הילד,העוגיה,מחפש,מחפשות,MS-FS-N,M,S,F,S,inanimate,N,Num&Gen,Second,הילד ליד העוגיה מחפש מחפשות את התרופות
test,word,.png,1600,ITI,150;150;150;;150,250;250;250;1500;250,k d,k,lastStim_1000,1200_1000,black,gray,d: D;k: K,400,2 3,1,הילד,ליד,העוגיה,מחפשים,מחפש,את התרופות,הילד,העוגיה,מחפש,מחפשים,MS-FS-N,M,S,F,S,inanimate,N,Num,First,הילד ליד העוגיה מחפשים מחפש את התרופות
test,word,.png,1600,ITI,150;150;150;;150,250;250;250;1500;250,k d,d,lastStim_1000,1200_1000,black,gray,d: D;k: K,400,2 3,1,הילד,ליד,העוגיה,מחפש,מחפשים,את התרופות,הילד,העוגיה,מחפש,מחפשים,MS-FS-N,M,S,F,S,inanimate,N,Num,Second,הילד ליד העוגיה מחפש מחפשים את התרופות
test,word,.png,1600,ITI,150;150;150;;150,250;250;250;1500;250,k d,k,lastStim_1000,1200_1000,black,gray,d: D;k: K,400,2 3,1,הילד,ליד,העוגיה,מחפשת,מחפש,את התרופות,הילד,העוגיה,מחפש,מחפשת,MS-FS-N,M,S,F,S,inanimate,N,Gen,First,הילד ליד העוגיה מחפשת מחפש את התרופות
test,word,.png,1600,ITI,150;150;150;;150,250;250;250;1500;250,k d,d,lastStim_1000,1200_1000,black,gray,d: D;k: K,400,2 3,1,הילד,ליד,העוגיה,מחפש,מחפשת,את התרופות,הילד,העוגיה,מחפש,מחפשת,MS-FS-N,M,S,F,S,inanimate,N,Gen,Second,הילד ליד העוגיה מחפש מחפשת את התרופות
test,word,.png,1600,ITI,150;150;150;;150,250;250;250;1500;250,k d,k,lastStim_1000,1200_1000,black,gray,d: D;k: K,400,2 3,1,הילד,של,האורחת,מחפשות,מחפש,את התרופות,הילד,האורחת,מחפש,מחפשות,MS-FS-N,M,S,F,S,animate,N,Num&Gen,First,הילד של האורחת מחפשות מחפש את התרופות
test,word,.png,1600,ITI,150;150;150;;150,250;250;250;1500;250,k d,d,lastStim_1000,1200_1000,black,gray,d: D;k: K,400,2 3,1,הילד,של,האורחת,מחפש,מחפשות,את התרופות,הילד,האורחת,מחפש,מחפשות,MS-FS-N,M,S,F,S,animate,N,Num&Gen,Second,הילד של האורחת מחפש מחפשות את התרופות
test,word,.png,1600,ITI,150;150;150;;150,250;250;250;1500;250,k d,k,lastStim_1000,1200_1000,black,gray,d: D;k: K,400,2 3,1,הילד,של,האורחת,מחפשים,מחפש,את התרופות,הילד,האורחת,מחפש,מחפשים,MS-FS-N,M,S,F,S,animate,N,Num,First,הילד של האורחת מחפשים מחפש את התרופות
test,word,.png,1600,ITI,150;150;150;;150,250;250;250;1500;250,k d,d,lastStim_1000,1200_1000,black,gray,d: D;k: K,400,2 3,1,הילד,של,האורחת,מחפש,מחפשים,את התרופות,הילד,האורחת,מחפש,מחפשים,MS-FS-N,M,S,F,S,animate,N,Num,Second,הילד של האורחת מחפש מחפשים את התרופות
test,word,.png,1600,ITI,150;150;150;;150,250;250;250;1500;250,k d,k,lastStim_1000,1200_1000,black,gray,d: D;k: K,400,2 3,1,הילד,של,האורחת,מחפשת,מחפש,את התרופות,הילד,האורחת,מחפש,מחפשת,MS-FS-N,M,S,F,S,animate,N,Gen,First,הילד של האורחת מחפשת מחפש את התרופות
test,word,.png,1600,ITI,150;150;150;;150,250;250;250;1500;250,k d,d,lastStim_1000,1200_1000,black,gray,d: D;k: K,400,2 3,1,הילד,של,האורחת,מחפש,מחפשת,את התרופות,הילד,האורחת,מחפש,מחפשת,MS-FS-N,M,S,F,S,animate,N,Gen,Second,הילד של האורחת מחפש מחפשת את התרופות
test,word,.png,1600,ITI,150;150;;150,250;250;1500;250,k d,k,lastStim_1000,1200_1000,black,gray,d: D;k: K,400,2 4,1,מדריך,הילדות,מצלמת,מצלם,את הבחורה,,מדריך,הילדות,מצלם,מצלמת,MS-FP-Y,M,S,F,P,animate,Y,Num&Gen,First,מדריך הילדות מצלמת מצלם את הבחורה 
test,word,.png,1600,ITI,150;150;;150,250;250;1500;250,k d,d,lastStim_1000,1200_1000,black,gray,d: D;k: K,400,2 4,1,מדריך,הילדות,מצלם,מצלמת,את הבחורה,,מדריך,הילדות,מצלם,מצלמת,MS-FP-Y,M,S,F,P,animate,Y,Num&Gen,Second,מדריך הילדות מצלם מצלמת את הבחורה 
test,word,.png,1600,ITI,150;150;;150,250;250;1500;250,k d,k,lastStim_1000,1200_1000,black,gray,d: D;k: K,400,2 4,1,מדריך,הילדות,מצלמים,מצלם,את הבחורה,,מדריך,הילדות,מצלם,מצלמים,MS-FP-Y,M,S,F,P,animate,Y,Num,First,מדריך הילדות מצלמים מצלם את הבחורה 
test,word,.png,1600,ITI,150;150;;150,250;250;1500;250,k d,d,lastStim_1000,1200_1000,black,gray,d: D;k: K,400,2 4,1,מדריך,הילדות,מצלם,מצלמים,את הבחורה,,מדריך,הילדות,מצלם,מצלמים,MS-FP-Y,M,S,F,P,animate,Y,Num,Second,מדריך הילדות מצלם מצלמים את הבחורה 
test,word,.png,1600,ITI,150;150;;150,250;250;1500;250,k d,k,lastStim_1000,1200_1000,black,gray,d: D;k: K,400,2 4,1,מדריך,הילדות,מצלמות,מצלם,את הבחורה,,מדריך,הילדות,מצלם,מצלמות,MS-FP-Y,M,S,F,P,animate,Y,Gen,First,מדריך הילדות מצלמות מצלם את הבחורה 
test,word,.png,1600,ITI,150;150;;150,250;250;1500;250,k d,d,lastStim_1000,1200_1000,black,gray,d: D;k: K,400,2 4,1,מדריך,הילדות,מצלם,מצלמות,את הבחורה,,מדריך,הילדות,מצלם,מצלמות,MS-FP-Y,M,S,F,P,animate,Y,Gen,Second,מדריך הילדות מצלם מצלמות את הבחורה 
test,word,.png,1600,ITI,150;150;150;;150,250;250;250;1500;250,k d,k,lastStim_1000,1200_1000,black,gray,d: D;k: K,400,2 5,1,המדריכים,ליד,השביל,מצלמת,מצלמים,את השלט,המדריכים,השביל,מצלמים,מצלמת,MP-MS-N,M,P,M,S,inanimate,N,Num&Gen,First,המדריכים ליד השביל מצלמת מצלמים את השלט
test,word,.png,1600,ITI,150;150;150;;150,250;250;250;1500;250,k d,d,lastStim_1000,1200_1000,black,gray,d: D;k: K,400,2 5,1,המדריכים,ליד,השביל,מצלמים,מצלמת,את השלט,המדריכים,השביל,מצלמים,מצלמת,MP-MS-N,M,P,M,S,inanimate,N,Num&Gen,Second,המדריכים ליד השביל מצלמים מצלמת את השלט
test,word,.png,1600,ITI,150;150;150;;150,250;250;250;1500;250,k d,k,lastStim_1000,1200_1000,black,gray,d: D;k: K,400,2 5,1,המדריכים,ליד,השביל,מצלם,מצלמים,את השלט,המדריכים,השביל,מצלמים,מצלם,MP-MS-N,M,P,M,S,inanimate,N,Num,First,המדריכים ליד השביל מצלם מצלמים את השלט
test,word,.png,1600,ITI,150;150;150;;150,250;250;250;1500;250,k d,d,lastStim_1000,1200_1000,black,gray,d: D;k: K,400,2 5,1,המדריכים,ליד,השביל,מצלמים,מצלם,את השלט,המדריכים,השביל,מצלמים,מצלם,MP-MS-N,M,P,M,S,inanimate,N,Num,Second,המדריכים ליד השביל מצלמים מצלם את השלט
test,word,.png,1600,ITI,150;150;150;;150,250;250;250;1500;250,k d,k,lastStim_1000,1200_1000,black,gray,d: D;k: K,400,2 5,1,המדריכים,ליד,השביל,מצלמות,מצלמים,את השלט,המדריכים,השביל,מצלמים,מצלמות,MP-MS-N,M,P,M,S,inanimate,N,Gen,First,המדריכים ליד השביל מצלמות מצלמים את השלט
test,word,.png,1600,ITI,150;150;150;;150,250;250;250;1500;250,k d,d,lastStim_1000,1200_1000,black,gray,d: D;k: K,400,2 5,1,המדריכים,ליד,השביל,מצלמים,מצלמות,את השלט,המדריכים,השביל,מצלמים,מצלמות,MP-MS-N,M,P,M,S,inanimate,N,Gen,Second,המדריכים ליד השביל מצלמים מצלמות את השלט
test,word,.png,1600,ITI,150;150;150;;150,250;250;250;1500;250,k d,k,lastStim_1000,1200_1000,black,gray,d: D;k: K,400,2 5,1,המדריכים,ליד,הנהג,מצלמת,מצלמים,את השלט,המדריכים,הנהג,מצלמים,מצלמת,MP-MS-N,M,P,M,S,inanimate,N,Num&Gen,First,המדריכים ליד הנהג מצלמת מצלמים את השלט
test,word,.png,1600,ITI,150;150;150;;150,250;250;250;1500;250,k d,d,lastStim_1000,1200_1000,black,gray,d: D;k: K,400,2 5,1,המדריכים,ליד,הנהג,מצלמים,מצלמת,את השלט,המדריכים,הנהג,מצלמים,מצלמת,MP-MS-N,M,P,M,S,inanimate,N,Num&Gen,Second,המדריכים ליד הנהג מצלמים מצלמת את השלט
test,word,.png,1600,ITI,150;150;150;;150,250;250;250;1500;250,k d,k,lastStim_1000,1200_1000,black,gray,d: D;k: K,400,2 5,1,המדריכים,ליד,הנהג,מצלם,מצלמים,את השלט,המדריכים,הנהג,מצלמים,מצלם,MP-MS-N,M,P,M,S,inanimate,N,Num,First,המדריכים ליד הנהג מצלם מצלמים את השלט
test,word,.png,1600,ITI,150;150;150;;150,250;250;250;1500;250,k d,d,lastStim_1000,1200_1000,black,gray,d: D;k: K,400,2 5,1,המדריכים,ליד,הנהג,מצלמים,מצלם,את השלט,המדריכים,הנהג,מצלמים,מצלם,MP-MS-N,M,P,M,S,inanimate,N,Num,Second,המדריכים ליד הנהג מצלמים מצלם את השלט
test,word,.png,1600,ITI,150;150;150;;150,250;250;250;1500;250,k d,k,lastStim_1000,1200_1000,black,gray,d: D;k: K,400,2 5,1,המדריכים,ליד,הנהג,מצלמות,מצלמים,את השלט,המדריכים,הנהג,מצלמים,מצלמות,MP-MS-N,M,P,M,S,inanimate,N,Gen,First,המדריכים ליד הנהג מצלמות מצלמים את השלט
test,word,.png,1600,ITI,150;150;150;;150,250;250;250;1500;250,k d,d,lastStim_1000,1200_1000,black,gray,d: D;k: K,400,2 5,1,המדריכים,ליד,הנהג,מצלמים,מצלמות,את השלט,המדריכים,הנהג,מצלמים,מצלמות,MP-MS-N,M,P,M,S,inanimate,N,Gen,Second,המדריכים ליד הנהג מצלמים מצלמות את השלט
test,word,.png,1600,ITI,150;150;;150,250;250;1500;250,k d,k,lastStim_1000,1200_1000,black,gray,d: D;k: K,400,2 6,1,מדריכי,הסטודנטים,מכירה,מכירים,את הבחור,,מדריכי,הסטודנטים,מכירים,מכירה,MP-MP-Y,M,P,M,P,animate,Y,Num&Gen,First,מדריכי הסטודנטים מכירה מכירים את הבחור 
test,word,.png,1600,ITI,150;150;;150,250;250;1500;250,k d,d,lastStim_1000,1200_1000,black,gray,d: D;k: K,400,2 6,1,מדריכי,הסטודנטים,מכירים,מכירה,את הבחור,,מדריכי,הסטודנטים,מכירים,מכירה,MP-MP-Y,M,P,M,P,animate,Y,Num&Gen,Second,מדריכי הסטודנטים מכירים מכירה את הבחור 
test,word,.png,1600,ITI,150;150;;150,250;250;1500;250,k d,k,lastStim_1000,1200_1000,black,gray,d: D;k: K,400,2 6,1,מדריכי,הסטודנטים,מכיר,מכירים,את הבחור,,מדריכי,הסטודנטים,מכירים,מכיר,MP-MP-Y,M,P,M,P,animate,Y,Num,First,מדריכי הסטודנטים מכיר מכירים את הבחור 
test,word,.png,1600,ITI,150;150;;150,250;250;1500;250,k d,d,lastStim_1000,1200_1000,black,gray,d: D;k: K,400,2 6,1,מדריכי,הסטודנטים,מכירים,מכיר,את הבחור,,מדריכי,הסטודנטים,מכירים,מכיר,MP-MP-Y,M,P,M,P,animate,Y,Num,Second,מדריכי הסטודנטים מכירים מכיר את הבחור 
test,word,.png,1600,ITI,150;150;;150,250;250;1500;250,k d,k,lastStim_1000,1200_1000,black,gray,d: D;k: K,400,2 6,1,מדריכי,הסטודנטים,מכירות,מכירים,את הבחור,,מדריכי,הסטודנטים,מכירים,מכירות,MP-MP-Y,M,P,M,P,animate,Y,Gen,First,מדריכי הסטודנטים מכירות מכירים את הבחור 
test,word,.png,1600,ITI,150;150;;150,250;250;1500;250,k d,d,lastStim_1000,1200_1000,black,gray,d: D;k: K,400,2 6,1,מדריכי,הסטודנטים,מכירים,מכירות,את הבחור,,מדריכי,הסטודנטים,מכירים,מכירות,MP-MP-Y,M,P,M,P,animate,Y,Gen,Second,מדריכי הסטודנטים מכירים מכירות את הבחור 
test,word,.png,1600,ITI,150;150;150;;150,250;250;250;1500;250,k d,k,lastStim_1000,1200_1000,black,gray,d: D;k: K,400,2 7,1,הנהגים,בתוך,המכונית,מצלמת,מצלמים,את הילדות,הנהגים,המכונית,מצלמים,מצלמת,MP-FS-N,M,P,F,S,inanimate,N,Num&Gen,First,הנהגים בתוך המכונית מצלמת מצלמים את הילדות
test,word,.png,1600,ITI,150;150;150;;150,250;250;250;1500;250,k d,d,lastStim_1000,1200_1000,black,gray,d: D;k: K,400,2 7,1,הנהגים,בתוך,המכונית,מצלמים,מצלמת,את הילדות,הנהגים,המכונית,מצלמים,מצלמת,MP-FS-N,M,P,F,S,inanimate,N,Num&Gen,Second,הנהגים בתוך המכונית מצלמים מצלמת את הילדות
test,word,.png,1600,ITI,150;150;150;;150,250;250;250;1500;250,k d,k,lastStim_1000,1200_1000,black,gray,d: D;k: K,400,2 7,1,הנהגים,בתוך,המכונית,מצלם,מצלמים,את הילדות,הנהגים,המכונית,מצלמים,מצלם,MP-FS-N,M,P,F,S,inanimate,N,Num,First,הנהגים בתוך המכונית מצלם מצלמים את הילדות
test,word,.png,1600,ITI,150;150;150;;150,250;250;250;1500;250,k d,d,lastStim_1000,1200_1000,black,gray,d: D;k: K,400,2 7,1,הנהגים,בתוך,המכונית,מצלמים,מצלם,את הילדות,הנהגים,המכונית,מצלמים,מצלם,MP-FS-N,M,P,F,S,inanimate,N,Num,Second,הנהגים בתוך המכונית מצלמים מצלם את הילדות
test,word,.png,1600,ITI,150;150;150;;150,250;250;250;1500;250,k d,k,lastStim_1000,1200_1000,black,gray,d: D;k: K,400,2 7,1,הנהגים,בתוך,המכונית,מצלמות,מצלמים,את הילדות,הנהגים,המכונית,מצלמים,מצלמות,MP-FS-N,M,P,F,S,inanimate,N,Gen,First,הנהגים בתוך המכונית מצלמות מצלמים את הילדות
test,word,.png,1600,ITI,150;150;150;;150,250;250;250;1500;250,k d,d,lastStim_1000,1200_1000,black,gray,d: D;k: K,400,2 7,1,הנהגים,בתוך,המכונית,מצלמים,מצלמות,את הילדות,הנהגים,המכונית,מצלמים,מצלמות,MP-FS-N,M,P,F,S,inanimate,N,Gen,Second,הנהגים בתוך המכונית מצלמים מצלמות את הילדות
test,word,.png,1600,ITI,150;150;150;;150,250;250;250;1500;250,k d,k,lastStim_1000,1200_1000,black,gray,d: D;k: K,400,2 7,1,הנהגים,מאחורי,המדריכה,מצלמת,מצלמים,את הילדות,הנהגים,המדריכה,מצלמים,מצלמת,MP-FS-N,M,P,F,S,animate,N,Num&Gen,First,הנהגים מאחורי המדריכה מצלמת מצלמים את הילדות
test,word,.png,1600,ITI,150;150;150;;150,250;250;250;1500;250,k d,d,lastStim_1000,1200_1000,black,gray,d: D;k: K,400,2 7,1,הנהגים,מאחורי,המדריכה,מצלמים,מצלמת,את הילדות,הנהגים,המדריכה,מצלמים,מצלמת,MP-FS-N,M,P,F,S,animate,N,Num&Gen,Second,הנהגים מאחורי המדריכה מצלמים מצלמת את הילדות
test,word,.png,1600,ITI,150;150;150;;150,250;250;250;1500;250,k d,k,lastStim_1000,1200_1000,black,gray,d: D;k: K,400,2 7,1,הנהגים,מאחורי,המדריכה,מצלם,מצלמים,את הילדות,הנהגים,המדריכה,מצלמים,מצלם,MP-FS-N,M,P,F,S,animate,N,Num,First,הנהגים מאחורי המדריכה מצלם מצלמים את הילדות
test,word,.png,1600,ITI,150;150;150;;150,250;250;250;1500;250,k d,d,lastStim_1000,1200_1000,black,gray,d: D;k: K,400,2 7,1,הנהגים,מאחורי,המדריכה,מצלמים,מצלם,את הילדות,הנהגים,המדריכה,מצלמים,מצלם,MP-FS-N,M,P,F,S,animate,N,Num,Second,הנהגים מאחורי המדריכה מצלמים מצלם את הילדות
test,word,.png,1600,ITI,150;150;150;;150,250;250;250;1500;250,k d,k,lastStim_1000,1200_1000,black,gray,d: D;k: K,400,2 7,1,הנהגים,מאחורי,המדריכה,מצלמות,מצלמים,את הילדות,הנהגים,המדריכה,מצלמים,מצלמות,MP-FS-N,M,P,F,S,animate,N,Gen,First,הנהגים מאחורי המדריכה מצלמות מצלמים את הילדות
test,word,.png,1600,ITI,150;150;150;;150,250;250;250;1500;250,k d,d,lastStim_1000,1200_1000,black,gray,d: D;k: K,400,2 7,1,הנהגים,מאחורי,המדריכה,מצלמים,מצלמות,את הילדות,הנהגים,המדריכה,מצלמים,מצלמות,MP-FS-N,M,P,F,S,animate,N,Gen,Second,הנהגים מאחורי המדריכה מצלמים מצלמות את הילדות
test,word,.png,1600,ITI,150;150;;150,250;250;1500;250,k d,k,lastStim_1000,1200_1000,black,gray,d: D;k: K,400,2 8,1,ילדי,השכנות,מושכת,מושכים,את הכסאות,,ילדי,השכנות,מושכים,מושכת,MP-FP-Y,M,P,F,P,animate,Y,Num&Gen,First,ילדי השכנות מושכת מושכים את הכסאות 
test,word,.png,1600,ITI,150;150;;150,250;250;1500;250,k d,d,lastStim_1000,1200_1000,black,gray,d: D;k: K,400,2 8,1,ילדי,השכנות,מושכים,מושכת,את הכסאות,,ילדי,השכנות,מושכים,מושכת,MP-FP-Y,M,P,F,P,animate,Y,Num&Gen,Second,ילדי השכנות מושכים מושכת את הכסאות 
test,word,.png,1600,ITI,150;150;;150,250;250;1500;250,k d,k,lastStim_1000,1200_1000,black,gray,d: D;k: K,400,2 8,1,ילדי,השכנות,מושך,מושכים,את הכסאות,,ילדי,השכנות,מושכים,מושך,MP-FP-Y,M,P,F,P,animate,Y,Num,First,ילדי השכנות מושך מושכים את הכסאות 
test,word,.png,1600,ITI,150;150;;150,250;250;1500;250,k d,d,lastStim_1000,1200_1000,black,gray,d: D;k: K,400,2 8,1,ילדי,השכנות,מושכים,מושך,את הכסאות,,ילדי,השכנות,מושכים,מושך,MP-FP-Y,M,P,F,P,animate,Y,Num,Second,ילדי השכנות מושכים מושך את הכסאות 
test,word,.png,1600,ITI,150;150;;150,250;250;1500;250,k d,k,lastStim_1000,1200_1000,black,gray,d: D;k: K,400,2 8,1,ילדי,השכנות,מושכות,מושכים,את הכסאות,,ילדי,השכנות,מושכים,מושכות,MP-FP-Y,M,P,F,P,animate,Y,Gen,First,ילדי השכנות מושכות מושכים את הכסאות 
test,word,.png,1600,ITI,150;150;;150,250;250;1500;250,k d,d,lastStim_1000,1200_1000,black,gray,d: D;k: K,400,2 8,1,ילדי,השכנות,מושכים,מושכות,את הכסאות,,ילדי,השכנות,מושכים,מושכות,MP-FP-Y,M,P,F,P,animate,Y,Gen,Second,ילדי השכנות מושכים מושכות את הכסאות 
test,word,.png,1600,ITI,150;150;150;;150,250;250;250;1500;250,k d,k,lastStim_1000,1200_1000,black,gray,d: D;k: K,400,2 9,1,הילדה,מאחורי,הכדור,מחפשים,מחפשת,את החברות,הילדה,הכדור,מחפשת,מחפשים,FS-MS-N,F,S,M,S,inanimate,N,Num&Gen,First,הילדה מאחורי הכדור מחפשים מחפשת את החברות
test,word,.png,1600,ITI,150;150;150;;150,250;250;250;1500;250,k d,d,lastStim_1000,1200_1000,black,gray,d: D;k: K,400,2 9,1,הילדה,מאחורי,הכדור,מחפשת,מחפשים,את החברות,הילדה,הכדור,מחפשת,מחפשים,FS-MS-N,F,S,M,S,inanimate,N,Num&Gen,Second,הילדה מאחורי הכדור מחפשת מחפשים את החברות
test,word,.png,1600,ITI,150;150;150;;150,250;250;250;1500;250,k d,k,lastStim_1000,1200_1000,black,gray,d: D;k: K,400,2 9,1,הילדה,מאחורי,הכדור,מחפשות,מחפשת,את החברות,הילדה,הכדור,מחפשת,מחפשות,FS-MS-N,F,S,M,S,inanimate,N,Num,First,הילדה מאחורי הכדור מחפשות מחפשת את החברות
test,word,.png,1600,ITI,150;150;150;;150,250;250;250;1500;250,k d,d,lastStim_1000,1200_1000,black,gray,d: D;k: K,400,2 9,1,הילדה,מאחורי,הכדור,מחפשת,מחפשות,את החברות,הילדה,הכדור,מחפשת,מחפשות,FS-MS-N,F,S,M,S,inanimate,N,Num,Second,הילדה מאחורי הכדור מחפשת מחפשות את החברות
test,word,.png,1600,ITI,150;150;150;;150,250;250;250;1500;250,k d,k,lastStim_1000,1200_1000,black,gray,d: D;k: K,400,2 9,1,הילדה,מאחורי,הכדור,מחפש,מחפשת,את החברות,הילדה,הכדור,מחפשת,מחפש,FS-MS-N,F,S,M,S,inanimate,N,Gen,First,הילדה מאחורי הכדור מחפש מחפשת את החברות
test,word,.png,1600,ITI,150;150;150;;150,250;250;250;1500;250,k d,d,lastStim_1000,1200_1000,black,gray,d: D;k: K,400,2 9,1,הילדה,מאחורי,הכדור,מחפשת,מחפש,את החברות,הילדה,הכדור,מחפשת,מחפש,FS-MS-N,F,S,M,S,inanimate,N,Gen,Second,הילדה מאחורי הכדור מחפשת מחפש את החברות
test,word,.png,1600,ITI,150;150;150;;150,250;250;250;1500;250,k d,k,lastStim_1000,1200_1000,black,gray,d: D;k: K,400,2 9,1,הילדה,מאחורי,הילד,מחפשים,מחפשת,את החברות,הילדה,הילד,מחפשת,מחפשים,FS-MS-N,F,S,M,S,animate,N,Num&Gen,First,הילדה מאחורי הילד מחפשים מחפשת את החברות
test,word,.png,1600,ITI,150;150;150;;150,250;250;250;1500;250,k d,d,lastStim_1000,1200_1000,black,gray,d: D;k: K,400,2 9,1,הילדה,מאחורי,הילד,מחפשת,מחפשים,את החברות,הילדה,הילד,מחפשת,מחפשים,FS-MS-N,F,S,M,S,animate,N,Num&Gen,Second,הילדה מאחורי הילד מחפשת מחפשים את החברות
test,word,.png,1600,ITI,150;150;150;;150,250;250;250;1500;250,k d,k,lastStim_1000,1200_1000,black,gray,d: D;k: K,400,2 9,1,הילדה,מאחורי,הילד,מחפשות,מחפשת,את החברות,הילדה,הילד,מחפשת,מחפשות,FS-MS-N,F,S,M,S,animate,N,Num,First,הילדה מאחורי הילד מחפשות מחפשת את החברות
test,word,.png,1600,ITI,150;150;150;;150,250;250;250;1500;250,k d,d,lastStim_1000,1200_1000,black,gray,d: D;k: K,400,2 9,1,הילדה,מאחורי,הילד,מחפשת,מחפשות,את החברות,הילדה,הילד,מחפשת,מחפשות,FS-MS-N,F,S,M,S,animate,N,Num,Second,הילדה מאחורי הילד מחפשת מחפשות את החברות
test,word,.png,1600,ITI,150;150;150;;150,250;250;250;1500;250,k d,k,lastStim_1000,1200_1000,black,gray,d: D;k: K,400,2 9,1,הילדה,מאחורי,הילד,מחפש,מחפשת,את החברות,הילדה,הילד,מחפשת,מחפש,FS-MS-N,F,S,M,S,animate,N,Gen,First,הילדה מאחורי הילד מחפש מחפשת את החברות
test,word,.png,1600,ITI,150;150;150;;150,250;250;250;1500;250,k d,d,lastStim_1000,1200_1000,black,gray,d: D;k: K,400,2 9,1,הילדה,מאחורי,הילד,מחפשת,מחפש,את החברות,הילדה,הילד,מחפשת,מחפש,FS-MS-N,F,S,M,S,animate,N,Gen,Second,הילדה מאחורי הילד מחפשת מחפש את החברות
test,word,.png,1600,ITI,150;150;;150,250;250;1500;250,k d,k,lastStim_1000,1200_1000,black,gray,d: D;k: K,400,2 10,1,מדריכת,הבחורים,מלמדים,מלמדת,את הילדים,,מדריכת,הבחורים,מלמדת,מלמדים,FS-MP-Y,F,S,M,P,animate,Y,Num&Gen,First,מדריכת הבחורים מלמדים מלמדת את הילדים 
test,word,.png,1600,ITI,150;150;;150,250;250;1500;250,k d,d,lastStim_1000,1200_1000,black,gray,d: D;k: K,400,2 10,1,מדריכת,הבחורים,מלמדת,מלמדים,את הילדים,,מדריכת,הבחורים,מלמדת,מלמדים,FS-MP-Y,F,S,M,P,animate,Y,Num&Gen,Second,מדריכת הבחורים מלמדת מלמדים את הילדים 
test,word,.png,1600,ITI,150;150;;150,250;250;1500;250,k d,k,lastStim_1000,1200_1000,black,gray,d: D;k: K,400,2 10,1,מדריכת,הבחורים,מלמדות,מלמדת,את הילדים,,מדריכת,הבחורים,מלמדת,מלמדות,FS-MP-Y,F,S,M,P,animate,Y,Num,First,מדריכת הבחורים מלמדות מלמדת את הילדים 
test,word,.png,1600,ITI,150;150;;150,250;250;1500;250,k d,d,lastStim_1000,1200_1000,black,gray,d: D;k: K,400,2 10,1,מדריכת,הבחורים,מלמדת,מלמדות,את הילדים,,מדריכת,הבחורים,מלמדת,מלמדות,FS-MP-Y,F,S,M,P,animate,Y,Num,Second,מדריכת הבחורים מלמדת מלמדות את הילדים 
test,word,.png,1600,ITI,150;150;;150,250;250;1500;250,k d,k,lastStim_1000,1200_1000,black,gray,d: D;k: K,400,2 10,1,מדריכת,הבחורים,מלמד,מלמדת,את הילדים,,מדריכת,הבחורים,מלמדת,מלמד,FS-MP-Y,F,S,M,P,animate,Y,Gen,First,מדריכת הבחורים מלמד מלמדת את הילדים 
test,word,.png,1600,ITI,150;150;;150,250;250;1500;250,k d,d,lastStim_1000,1200_1000,black,gray,d: D;k: K,400,2 10,1,מדריכת,הבחורים,מלמדת,מלמד,את הילדים,,מדריכת,הבחורים,מלמדת,מלמד,FS-MP-Y,F,S,M,P,animate,Y,Gen,Second,מדריכת הבחורים מלמדת מלמד את הילדים 
test,word,.png,1600,ITI,150;150;150;;150,250;250;250;1500;250,k d,k,lastStim_1000,1200_1000,black,gray,d: D;k: K,400,2 11,1,התלמידה,בתוך,המכונית,מצלמים,מצלמת,את הכדור,התלמידה,המכונית,מצלמת,מצלמים,FS-FS-N,F,S,F,S,inanimate,N,Num&Gen,First,התלמידה בתוך המכונית מצלמים מצלמת את הכדור
test,word,.png,1600,ITI,150;150;150;;150,250;250;250;1500;250,k d,d,lastStim_1000,1200_1000,black,gray,d: D;k: K,400,2 11,1,התלמידה,בתוך,המכונית,מצלמת,מצלמים,את הכדור,התלמידה,המכונית,מצלמת,מצלמים,FS-FS-N,F,S,F,S,inanimate,N,Num&Gen,Second,התלמידה בתוך המכונית מצלמת מצלמים את הכדור
test,word,.png,1600,ITI,150;150;150;;150,250;250;250;1500;250,k d,k,lastStim_1000,1200_1000,black,gray,d: D;k: K,400,2 11,1,התלמידה,בתוך,המכונית,מצלמות,מצלמת,את הכדור,התלמידה,המכונית,מצלמת,מצלמות,FS-FS-N,F,S,F,S,inanimate,N,Num,First,התלמידה בתוך המכונית מצלמות מצלמת את הכדור
test,word,.png,1600,ITI,150;150;150;;150,250;250;250;1500;250,k d,d,lastStim_1000,1200_1000,black,gray,d: D;k: K,400,2 11,1,התלמידה,בתוך,המכונית,מצלמת,מצלמות,את הכדור,התלמידה,המכונית,מצלמת,מצלמות,FS-FS-N,F,S,F,S,inanimate,N,Num,Second,התלמידה בתוך המכונית מצלמת מצלמות את הכדור
test,word,.png,1600,ITI,150;150;150;;150,250;250;250;1500;250,k d,k,lastStim_1000,1200_1000,black,gray,d: D;k: K,400,2 11,1,התלמידה,בתוך,המכונית,מצלם,מצלמת,את הכדור,התלמידה,המכונית,מצלמת,מצלם,FS-FS-N,F,S,F,S,inanimate,N,Gen,First,התלמידה בתוך המכונית מצלם מצלמת את הכדור
test,word,.png,1600,ITI,150;150;150;;150,250;250;250;1500;250,k d,d,lastStim_1000,1200_1000,black,gray,d: D;k: K,400,2 11,1,התלמידה,בתוך,המכונית,מצלמת,מצלם,את הכדור,התלמידה,המכונית,מצלמת,מצלם,FS-FS-N,F,S,F,S,inanimate,N,Gen,Second,התלמידה בתוך המכונית מצלמת מצלם את הכדור
test,word,.png,1600,ITI,150;150;150;;150,250;250;250;1500;250,k d,k,lastStim_1000,1200_1000,black,gray,d: D;k: K,400,2 11,1,התלמידה,של,הבחורה,מצלמים,מצלמת,את הכדור,התלמידה,הבחורה,מצלמת,מצלמים,FS-FS-N,F,S,F,S,animate,N,Num&Gen,First,התלמידה של הבחורה מצלמים מצלמת את הכדור
test,word,.png,1600,ITI,150;150;150;;150,250;250;250;1500;250,k d,d,lastStim_1000,1200_1000,black,gray,d: D;k: K,400,2 11,1,התלמידה,של,הבחורה,מצלמת,מצלמים,את הכדור,התלמידה,הבחורה,מצלמת,מצלמים,FS-FS-N,F,S,F,S,animate,N,Num&Gen,Second,התלמידה של הבחורה מצלמת מצלמים את הכדור
test,word,.png,1600,ITI,150;150;150;;150,250;250;250;1500;250,k d,k,lastStim_1000,1200_1000,black,gray,d: D;k: K,400,2 11,1,התלמידה,של,הבחורה,מצלמות,מצלמת,את הכדור,התלמידה,הבחורה,מצלמת,מצלמות,FS-FS-N,F,S,F,S,animate,N,Num,First,התלמידה של הבחורה מצלמות מצלמת את הכדור
test,word,.png,1600,ITI,150;150;150;;150,250;250;250;1500;250,k d,d,lastStim_1000,1200_1000,black,gray,d: D;k: K,400,2 11,1,התלמידה,של,הבחורה,מצלמת,מצלמות,את הכדור,התלמידה,הבחורה,מצלמת,מצלמות,FS-FS-N,F,S,F,S,animate,N,Num,Second,התלמידה של הבחורה מצלמת מצלמות את הכדור
test,word,.png,1600,ITI,150;150;150;;150,250;250;250;1500;250,k d,k,lastStim_1000,1200_1000,black,gray,d: D;k: K,400,2 11,1,התלמידה,של,הבחורה,מצלם,מצלמת,את הכדור,התלמידה,הבחורה,מצלמת,מצלם,FS-FS-N,F,S,F,S,animate,N,Gen,First,התלמידה של הבחורה מצלם מצלמת את הכדור
test,word,.png,1600,ITI,150;150;150;;150,250;250;250;1500;250,k d,d,lastStim_1000,1200_1000,black,gray,d: D;k: K,400,2 11,,התלמידה,של,הבחורה,מצלמת,מצלם,את הכדור,התלמידה,הבחורה,מצלמת,מצלם,FS-FS-N,F,S,F,S,animate,N,Gen,Second,התלמידה של הבחורה מצלמת מצלם את הכדור
test,word,.png,1600,ITI,150;150;;150,250;250;1500;250,k d,k,lastStim_1000,1200_1000,black,gray,d: D;k: K,400,2 12,1,ילדת,השחקניות,מחזיקים,מחזיקה,את הכדור,,ילדת,השחקניות,מחזיקה,מחזיקים,FS-FP-Y,F,S,F,P,animate,Y,Num&Gen,First,ילדת השחקניות מחזיקים מחזיקה את הכדור 
test,word,.png,1600,ITI,150;150;;150,250;250;1500;250,k d,d,lastStim_1000,1200_1000,black,gray,d: D;k: K,400,2 12,1,ילדת,השחקניות,מחזיקה,מחזיקים,את הכדור,,ילדת,השחקניות,מחזיקה,מחזיקים,FS-FP-Y,F,S,F,P,animate,Y,Num&Gen,Second,ילדת השחקניות מחזיקה מחזיקים את הכדור 
test,word,.png,1600,ITI,150;150;;150,250;250;1500;250,k d,k,lastStim_1000,1200_1000,black,gray,d: D;k: K,400,2 12,1,ילדת,השחקניות,מחזיקות,מחזיקה,את הכדור,,ילדת,השחקניות,מחזיקה,מחזיקות,FS-FP-Y,F,S,F,P,animate,Y,Num,First,ילדת השחקניות מחזיקות מחזיקה את הכדור 
test,word,.png,1600,ITI,150;150;;150,250;250;1500;250,k d,d,lastStim_1000,1200_1000,black,gray,d: D;k: K,400,2 12,1,ילדת,השחקניות,מחזיקה,מחזיקות,את הכדור,,ילדת,השחקניות,מחזיקה,מחזיקות,FS-FP-Y,F,S,F,P,animate,Y,Num,Second,ילדת השחקניות מחזיקה מחזיקות את הכדור 
test,word,.png,1600,ITI,150;150;;150,250;250;1500;250,k d,k,lastStim_1000,1200_1000,black,gray,d: D;k: K,400,2 12,1,ילדת,השחקניות,מחזיק,מחזיקה,את הכדור,,ילדת,השחקניות,מחזיקה,מחזיק,FS-FP-Y,F,S,F,P,animate,Y,Gen,First,ילדת השחקניות מחזיק מחזיקה את הכדור 
test,word,.png,1600,ITI,150;150;;150,250;250;1500;250,k d,d,lastStim_1000,1200_1000,black,gray,d: D;k: K,400,2 12,1,ילדת,השחקניות,מחזיקה,מחזיק,את הכדור,,ילדת,השחקניות,מחזיקה,מחזיק,FS-FP-Y,F,S,F,P,animate,Y,Gen,Second,ילדת השחקניות מחזיקה מחזיק את הכדור 
test,word,.png,1600,ITI,150;150;150;;150,250;250;250;1500;250,k d,k,lastStim_1000,1200_1000,black,gray,d: D;k: K,400,2 13,1,הנהגות,ליד,השלט,מצלם,מצלמות,את המכונית,הנהגות,השלט,מצלמות,מצלם,FP-MS-N,F,P,M,S,inanimate,N,Num&Gen,First,הנהגות ליד השלט מצלם מצלמות את המכונית
test,word,.png,1600,ITI,150;150;150;;150,250;250;250;1500;250,k d,d,lastStim_1000,1200_1000,black,gray,d: D;k: K,400,2 13,1,הנהגות,ליד,השלט,מצלמות,מצלם,את המכונית,הנהגות,השלט,מצלמות,מצלם,FP-MS-N,F,P,M,S,inanimate,N,Num&Gen,Second,הנהגות ליד השלט מצלמות מצלם את המכונית
test,word,.png,1600,ITI,150;150;150;;150,250;250;250;1500;250,k d,k,lastStim_1000,1200_1000,black,gray,d: D;k: K,400,2 13,1,הנהגות,ליד,השלט,מצלמת,מצלמות,את המכונית,הנהגות,השלט,מצלמות,מצלמת,FP-MS-N,F,P,M,S,inanimate,N,Num,First,הנהגות ליד השלט מצלמת מצלמות את המכונית
test,word,.png,1600,ITI,150;150;150;;150,250;250;250;1500;250,k d,d,lastStim_1000,1200_1000,black,gray,d: D;k: K,400,2 13,1,הנהגות,ליד,השלט,מצלמות,מצלמת,את המכונית,הנהגות,השלט,מצלמות,מצלמת,FP-MS-N,F,P,M,S,inanimate,N,Num,Second,הנהגות ליד השלט מצלמות מצלמת את המכונית
test,word,.png,1600,ITI,150;150;150;;150,250;250;250;1500;250,k d,k,lastStim_1000,1200_1000,black,gray,d: D;k: K,400,2 13,1,הנהגות,ליד,השלט,מצלמים,מצלמות,את המכונית,הנהגות,השלט,מצלמות,מצלמים,FP-MS-N,F,P,M,S,inanimate,N,Gen,First,הנהגות ליד השלט מצלמים מצלמות את המכונית
test,word,.png,1600,ITI,150;150;150;;150,250;250;250;1500;250,k d,d,lastStim_1000,1200_1000,black,gray,d: D;k: K,400,2 13,1,הנהגות,ליד,השלט,מצלמות,מצלמים,את המכונית,הנהגות,השלט,מצלמות,מצלמים,FP-MS-N,F,P,M,S,inanimate,N,Gen,Second,הנהגות ליד השלט מצלמות מצלמים את המכונית
test,word,.png,1600,ITI,150;150;150;;150,250;250;250;1500;250,k d,k,lastStim_1000,1200_1000,black,gray,d: D;k: K,400,2 13,1,הנהגות,ליד,השחקן,מצלם,מצלמות,את המכונית,הנהגות,השחקן,מצלמות,מצלם,FP-MS-N,F,P,M,S,animate,N,Num&Gen,First,הנהגות ליד השחקן מצלם מצלמות את המכונית
test,word,.png,1600,ITI,150;150;150;;150,250;250;250;1500;250,k d,d,lastStim_1000,1200_1000,black,gray,d: D;k: K,400,2 13,1,הנהגות,ליד,השחקן,מצלמות,מצלם,את המכונית,הנהגות,השחקן,מצלמות,מצלם,FP-MS-N,F,P,M,S,animate,N,Num&Gen,Second,הנהגות ליד השחקן מצלמות מצלם את המכונית
test,word,.png,1600,ITI,150;150;150;;150,250;250;250;1500;250,k d,k,lastStim_1000,1200_1000,black,gray,d: D;k: K,400,2 13,1,הנהגות,ליד,השחקן,מצלמת,מצלמות,את המכונית,הנהגות,השחקן,מצלמות,מצלמת,FP-MS-N,F,P,M,S,animate,N,Num,First,הנהגות ליד השחקן מצלמת מצלמות את המכונית
test,word,.png,1600,ITI,150;150;150;;150,250;250;250;1500;250,k d,d,lastStim_1000,1200_1000,black,gray,d: D;k: K,400,2 13,1,הנהגות,ליד,השחקן,מצלמות,מצלמת,את המכונית,הנהגות,השחקן,מצלמות,מצלמת,FP-MS-N,F,P,M,S,animate,N,Num,Second,הנהגות ליד השחקן מצלמות מצלמת את המכונית
test,word,.png,1600,ITI,150;150;150;;150,250;250;250;1500;250,k d,k,lastStim_1000,1200_1000,black,gray,d: D;k: K,400,2 13,1,הנהגות,ליד,השחקן,מצלמים,מצלמות,את המכונית,הנהגות,השחקן,מצלמות,מצלמים,FP-MS-N,F,P,M,S,animate,N,Gen,First,הנהגות ליד השחקן מצלמים מצלמות את המכונית
test,word,.png,1600,ITI,150;150;150;;150,250;250;250;1500;250,k d,d,lastStim_1000,1200_1000,black,gray,d: D;k: K,400,2 13,1,הנהגות,ליד,השחקן,מצלמות,מצלמים,את המכונית,הנהגות,השחקן,מצלמות,מצלמים,FP-MS-N,F,P,M,S,animate,N,Gen,Second,הנהגות ליד השחקן מצלמות מצלמים את המכונית
test,word,.png,1600,ITI,150;150;;150,250;250;1500;250,k d,k,lastStim_1000,1200_1000,black,gray,d: D;k: K,400,2 14,1,ילדות,הבחורים,מחפש,מחפשות,את התרופות,,ילדות,הבחורים,מחפשות,מחפש,FP-MP-Y,F,P,M,P,animate,Y,Num&Gen,First,ילדות הבחורים מחפש מחפשות את התרופות 
test,word,.png,1600,ITI,150;150;;150,250;250;1500;250,k d,d,lastStim_1000,1200_1000,black,gray,d: D;k: K,400,2 14,1,ילדות,הבחורים,מחפשות,מחפש,את התרופות,,ילדות,הבחורים,מחפשות,מחפש,FP-MP-Y,F,P,M,P,animate,Y,Num&Gen,Second,ילדות הבחורים מחפשות מחפש את התרופות 
test,word,.png,1600,ITI,150;150;;150,250;250;1500;250,k d,k,lastStim_1000,1200_1000,black,gray,d: D;k: K,400,2 14,1,ילדות,הבחורים,מחפשת,מחפשות,את התרופות,,ילדות,הבחורים,מחפשות,מחפשת,FP-MP-Y,F,P,M,P,animate,Y,Num,First,ילדות הבחורים מחפשת מחפשות את התרופות 
test,word,.png,1600,ITI,150;150;;150,250;250;1500;250,k d,d,lastStim_1000,1200_1000,black,gray,d: D;k: K,400,2 14,1,ילדות,הבחורים,מחפשות,מחפשת,את התרופות,,ילדות,הבחורים,מחפשות,מחפשת,FP-MP-Y,F,P,M,P,animate,Y,Num,Second,ילדות הבחורים מחפשות מחפשת את התרופות 
test,word,.png,1600,ITI,150;150;;150,250;250;1500;250,k d,k,lastStim_1000,1200_1000,black,gray,d: D;k: K,400,2 14,1,ילדות,הבחורים,מחפשים,מחפשות,את התרופות,,ילדות,הבחורים,מחפשות,מחפשים,FP-MP-Y,F,P,M,P,animate,Y,Gen,First,ילדות הבחורים מחפשים מחפשות את התרופות 
test,word,.png,1600,ITI,150;150;;150,250;250;1500;250,k d,d,lastStim_1000,1200_1000,black,gray,d: D;k: K,400,2 14,1,ילדות,הבחורים,מחפשות,מחפשים,את התרופות,,ילדות,הבחורים,מחפשות,מחפשים,FP-MP-Y,F,P,M,P,animate,Y,Gen,Second,ילדות הבחורים מחפשות מחפשים את התרופות 
test,word,.png,1600,ITI,150;150;150;;150,250;250;250;1500;250,k d,k,lastStim_1000,1200_1000,black,gray,d: D;k: K,400,2 15,1,השחקניות,מאחורי,הספה,מכיר,מכירות,את המדריכות,השחקניות,הספה,מכירות,מכיר,FP-FS-N,F,P,F,S,inanimate,N,Num&Gen,First,השחקניות מאחורי הספה מכיר מכירות את המדריכות
test,word,.png,1600,ITI,150;150;150;;150,250;250;250;1500;250,k d,d,lastStim_1000,1200_1000,black,gray,d: D;k: K,400,2 15,1,השחקניות,מאחורי,הספה,מכירות,מכיר,את המדריכות,השחקניות,הספה,מכירות,מכיר,FP-FS-N,F,P,F,S,inanimate,N,Num&Gen,Second,השחקניות מאחורי הספה מכירות מכיר את המדריכות
test,word,.png,1600,ITI,150;150;150;;150,250;250;250;1500;250,k d,k,lastStim_1000,1200_1000,black,gray,d: D;k: K,400,2 15,1,השחקניות,מאחורי,הספה,מכירה,מכירות,את המדריכות,השחקניות,הספה,מכירות,מכירה,FP-FS-N,F,P,F,S,inanimate,N,Num,First,השחקניות מאחורי הספה מכירה מכירות את המדריכות
test,word,.png,1600,ITI,150;150;150;;150,250;250;250;1500;250,k d,d,lastStim_1000,1200_1000,black,gray,d: D;k: K,400,2 15,1,השחקניות,מאחורי,הספה,מכירות,מכירה,את המדריכות,השחקניות,הספה,מכירות,מכירה,FP-FS-N,F,P,F,S,inanimate,N,Num,Second,השחקניות מאחורי הספה מכירות מכירה את המדריכות
test,word,.png,1600,ITI,150;150;150;;150,250;250;250;1500;250,k d,k,lastStim_1000,1200_1000,black,gray,d: D;k: K,400,2 15,1,השחקניות,מאחורי,הספה,מכירים,מכירות,את המדריכות,השחקניות,הספה,מכירות,מכירים,FP-FS-N,F,P,F,S,inanimate,N,Gen,First,השחקניות מאחורי הספה מכירים מכירות את המדריכות
test,word,.png,1600,ITI,150;150;150;;150,250;250;250;1500;250,k d,d,lastStim_1000,1200_1000,black,gray,d: D;k: K,400,2 15,1,השחקניות,מאחורי,הספה,מכירות,מכירים,את המדריכות,השחקניות,הספה,מכירות,מכירים,FP-FS-N,F,P,F,S,inanimate,N,Gen,Second,השחקניות מאחורי הספה מכירות מכירים את המדריכות
test,word,.png,1600,ITI,150;150;150;;150,250;250;250;1500;250,k d,k,lastStim_1000,1200_1000,black,gray,d: D;k: K,400,2 15,1,השחקניות,מאחורי,הילדה,מכיר,מכירות,את המדריכות,השחקניות,הילדה,מכירות,מכיר,FP-FS-N,F,P,F,S,animate,N,Num&Gen,First,השחקניות מאחורי הילדה מכיר מכירות את המדריכות
test,word,.png,1600,ITI,150;150;150;;150,250;250;250;1500;250,k d,d,lastStim_1000,1200_1000,black,gray,d: D;k: K,400,2 15,1,השחקניות,מאחורי,הילדה,מכירות,מכיר,את המדריכות,השחקניות,הילדה,מכירות,מכיר,FP-FS-N,F,P,F,S,animate,N,Num&Gen,Second,השחקניות מאחורי הילדה מכירות מכיר את המדריכות
test,word,.png,1600,ITI,150;150;150;;150,250;250;250;1500;250,k d,k,lastStim_1000,1200_1000,black,gray,d: D;k: K,400,2 15,1,השחקניות,מאחורי,הילדה,מכירה,מכירות,את המדריכות,השחקניות,הילדה,מכירות,מכירה,FP-FS-N,F,P,F,S,animate,N,Num,First,השחקניות מאחורי הילדה מכירה מכירות את המדריכות
test,word,.png,1600,ITI,150;150;150;;150,250;250;250;1500;250,k d,d,lastStim_1000,1200_1000,black,gray,d: D;k: K,400,2 15,1,השחקניות,מאחורי,הילדה,מכירות,מכירה,את המדריכות,השחקניות,הילדה,מכירות,מכירה,FP-FS-N,F,P,F,S,animate,N,Num,Second,השחקניות מאחורי הילדה מכירות מכירה את המדריכות
test,word,.png,1600,ITI,150;150;150;;150,250;250;250;1500;250,k d,k,lastStim_1000,1200_1000,black,gray,d: D;k: K,400,2 15,1,השחקניות,מאחורי,הילדה,מכירים,מכירות,את המדריכות,השחקניות,הילדה,מכירות,מכירים,FP-FS-N,F,P,F,S,animate,N,Gen,First,השחקניות מאחורי הילדה מכירים מכירות את המדריכות
test,word,.png,1600,ITI,150;150;150;;150,250;250;250;1500;250,k d,d,lastStim_1000,1200_1000,black,gray,d: D;k: K,400,2 15,1,השחקניות,מאחורי,הילדה,מכירות,מכירים,את המדריכות,השחקניות,הילדה,מכירות,מכירים,FP-FS-N,F,P,F,S,animate,N,Gen,Second,השחקניות מאחורי הילדה מכירות מכירים את המדריכות
test,word,.png,1600,ITI,150;150;;150,250;250;1500;250,k d,k,lastStim_1000,1200_1000,black,gray,d: D;k: K,400,2 16,1,תלמידות,המדריכות,מחפש,מחפשות,את המשקה ,,תלמידות,המדריכות,מחפשות,מחפש,FP-FP-Y,F,P,F,P,animate,Y,Num&Gen,First,תלמידות המדריכות מחפש מחפשות את המשקה  
test,word,.png,1600,ITI,150;150;;150,250;250;1500;250,k d,d,lastStim_1000,1200_1000,black,gray,d: D;k: K,400,2 16,1,תלמידות,המדריכות,מחפשות,מחפש,את המשקה ,,תלמידות,המדריכות,מחפשות,מחפש,FP-FP-Y,F,P,F,P,animate,Y,Num&Gen,Second,תלמידות המדריכות מחפשות מחפש את המשקה  
test,word,.png,1600,ITI,150;150;;150,250;250;1500;250,k d,k,lastStim_1000,1200_1000,black,gray,d: D;k: K,400,2 16,1,תלמידות,המדריכות,מחפשת,מחפשות,את המשקה ,,תלמידות,המדריכות,מחפשות,מחפשת,FP-FP-Y,F,P,F,P,animate,Y,Num,First,תלמידות המדריכות מחפשת מחפשות את המשקה  
test,word,.png,1600,ITI,150;150;;150,250;250;1500;250,k d,d,lastStim_1000,1200_1000,black,gray,d: D;k: K,400,2 16,1,תלמידות,המדריכות,מחפשות,מחפשת,את המשקה ,,תלמידות,המדריכות,מחפשות,מחפשת,FP-FP-Y,F,P,F,P,animate,Y,Num,Second,תלמידות המדריכות מחפשות מחפשת את המשקה  
test,word,.png,1600,ITI,150;150;;150,250;250;1500;250,k d,k,lastStim_1000,1200_1000,black,gray,d: D;k: K,400,2 16,1,תלמידות,המדריכות,מחפשים,מחפשות,את המשקה ,,תלמידות,המדריכות,מחפשות,מחפשים,FP-FP-Y,F,P,F,P,animate,Y,Gen,First,תלמידות המדריכות מחפשים מחפשות את המשקה  
test,word,.png,1600,ITI,150;150;;150,250;250;1500;250,k d,d,lastStim_1000,1200_1000,black,gray,d: D;k: K,400,2 16,1,תלמידות,המדריכות,מחפשות,מחפשים,את המשקה ,,תלמידות,המדריכות,מחפשות,מחפשים,FP-FP-Y,F,P,F,P,animate,Y,Gen,Second,תלמידות המדריכות מחפשות מחפשים את המשקה  